station_id,num_bikes_available,numBikesAvailable,num_bikes_available_types/0/mechanical,num_bikes_available_types/1/ebike,num_docks_available,numDocksAvailable,is_installed,is_returning,is_renting,last_reported,stationCode,station_opening_hours
213688169,23,23,4,19,12,12,1,1,1,1776082176,16107,
19179944124,9,9,3,6,19,19,1,1,1,1776081982,40001,
18795078746,10,10,8,2,18,18,1,1,1,1776082068,32304,
36255,3,3,1,2,17,17,1,1,1,1776082000,9020,
251039991,14,14,3,11,11,11,1,1,1,1776082194,14111,
85002689,12,12,11,1,48,48,1,1,1,1776082094,14014,
2515829865,20,20,9,11,1,1,1,1,1,1776082155,32017,
516709288,3,3,0,3,15,15,1,1,1,1776082155,11104,
120827885,10,10,0,10,2,2,1,1,1,1776082070,8026,
37874517,17,17,14,3,4,4,1,1,1,1776082189,6003,
210565680,11,11,8,3,23,23,1,1,1,1776082122,7002,
210403080,12,12,4,8,11,11,1,1,1,1776082143,5110,
210561800,2,2,1,1,15,15,1,1,1,1776082029,6108,
209063434,8,8,0,8,23,23,1,1,1,1776081987,33006,
94555589,1,1,0,1,25,25,1,1,1,1776082149,42016,
501862076,4,4,2,2,18,18,1,1,1,1776082029,25006,
17486274358,4,4,0,4,36,36,1,1,1,1776081853,30002,
19331959862,9,9,7,2,18,18,1,1,1,1776081644,40011,
210566542,55,55,25,30,5,5,1,1,1,1776082074,7003,
85043758,9,9,5,4,24,24,1,1,1,1776082184,17041,
82405965,5,5,2,3,34,34,1,1,1,1776082153,11025,
213682736,1,1,1,0,51,51,1,1,1,1776081602,15047,
54000559,17,17,9,8,23,23,1,1,1,1776082112,17026,
37815204,2,2,2,0,27,27,1,1,1,1776081779,12109,
210405211,18,18,17,1,1,1,1,1,1,1776081768,6021,
16560752067,7,7,3,4,22,22,1,1,1,1776081625,15202,
66491398,2,2,1,1,45,45,1,1,1,1776082171,13007,
20364431108,10,10,8,2,24,24,1,1,1,1776082173,42208,
210397939,12,12,4,8,3,3,1,1,1,1776081733,5016,
43195240,21,21,17,4,4,4,1,1,1,1776082095,21010,
54000581,8,8,3,5,26,26,1,1,1,1776081993,13101,
13105968,0,0,0,0,21,21,1,1,1,1776082106,14108,
653208733,1,1,0,1,36,36,1,1,1,1776081664,31024,
78348185,8,8,4,4,41,41,1,1,1,1776082131,21108,
54000536,13,13,5,8,22,22,1,1,1,1776082164,2022,
129094535,3,3,2,1,37,37,1,1,1,1776081858,17044,
54000612,7,7,2,5,36,36,1,1,1,1776082160,19033,
80101533,7,7,4,3,27,27,1,1,1,1776082107,17025,
17486876370,0,0,0,0,20,20,1,1,1,1776082174,21326,
599135701,3,3,2,1,41,41,1,1,1,1776081768,20143,
102747146,21,21,15,6,5,5,1,1,1,1776082162,43002,
2515403527,9,9,5,4,20,20,1,1,1,1776081963,16138,
653132534,3,3,1,2,22,22,1,1,1,1776081930,21216,
506455295,8,8,1,7,8,8,1,1,1,1776082191,15068,
1057149522,1,1,0,1,20,20,1,1,1,1776082196,22207,
653197324,13,13,4,9,9,9,1,1,1,1776081720,92002,
49474389,37,37,12,25,0,0,1,1,1,1776082054,8103,
14813797734,22,22,6,16,6,6,1,1,1,1776081908,31028,
88230992,3,3,2,1,27,27,1,1,1,1776081967,17048,
499303158,4,4,4,0,25,25,1,1,1,1776082118,44017,
1057387136,14,14,13,1,15,15,1,1,1,1776082158,44010,
27415302,1,1,0,1,24,24,1,1,1,1776082092,16118,
27414512,37,37,10,27,3,3,1,1,1,1776082134,2017,
210580039,1,1,1,0,16,16,1,1,1,1776081872,9008,
128940135,18,18,5,13,3,3,1,1,1,1776082109,8048,
35149611,15,15,13,2,12,12,1,1,1,1776082065,14013,
1057296253,51,51,42,9,8,8,1,1,1,1776082178,13118,
576188379,2,2,1,1,22,22,1,1,1,1776082000,15112,
2515085147,6,6,2,4,15,15,1,1,1,1776081789,13030,
19331981332,17,17,3,14,5,5,1,1,1,1776081989,40016,
129107656,0,0,0,0,25,25,1,1,1,1776082125,18111,
210574471,0,0,0,0,12,12,1,1,1,1776082170,9002,
1057228658,0,0,0,0,22,22,1,1,1,1776081882,48003,
230873471,12,12,4,8,9,9,1,1,1,1776082038,16110,
17278902806,3,3,0,3,17,17,1,1,1,1776082145,44015,
129164969,2,2,1,1,46,46,1,1,1,1776081860,43009,
129004826,4,4,1,3,13,13,1,1,1,1776082079,9001,
518825709,15,15,5,10,6,6,1,1,1,1776082030,17032,
128930462,28,28,18,10,1,1,1,1,1,1776082156,8016,
54000565,4,4,1,3,22,22,1,1,1,1776081616,10115,
210586093,1,1,0,1,22,22,1,1,1,1776082110,10029,
369644630,5,5,2,3,26,26,1,1,1,1776081841,10161,
214114469,23,23,8,15,9,9,1,1,1,1776082069,41303,
55927887,34,34,31,3,0,0,1,1,1,1776082164,12031,
323616530,17,17,13,4,0,0,1,1,1,1776082094,1001,
72765603,20,20,6,14,0,0,1,1,1,1776082063,5022,
16659953198,2,2,1,1,26,26,1,1,1,1776082107,21328,
20637036701,1,1,1,0,31,31,1,1,1,1776081986,19207,
35196898,26,26,21,5,1,1,1,1,1,1776082142,13104,
128920403,15,15,15,0,11,11,1,1,1,1776082119,8009,
1062192012,8,8,0,8,25,25,1,1,1,1776081914,31103,
521393180,3,3,0,3,19,19,1,1,1,1776081771,17008,
128887067,7,7,3,4,12,12,1,1,1,1776082148,7018,
7254,39,39,8,31,3,3,1,1,1,1776082096,5005,
128989986,25,25,6,19,3,3,1,1,1,1776082107,8053,
129025451,1,1,0,1,24,24,1,1,1,1776082197,9038,
210582921,23,23,16,7,2,2,1,1,1,1776082004,9106,
208795867,1,1,0,1,16,16,1,1,1,1776082188,19105,
82567101,4,4,1,3,20,20,1,1,1,1776082015,31706,
457813746,0,0,0,0,15,15,1,1,1,1776081889,22409,
50191171,2,2,0,2,22,22,1,1,1,1776082112,19015,
129014600,29,29,18,11,3,3,1,1,1,1776081887,9022,
3906153622,8,8,2,6,7,7,1,1,1,1776082058,26003,
66491397,20,20,16,4,39,39,1,1,1,1776082143,12151,
20512737633,21,21,13,8,5,5,1,1,1,1776082195,51006,
2515995748,13,13,0,13,9,9,1,1,1,1776082176,92007,
27363162,5,5,1,4,18,18,1,1,1,1776082091,16026,
129021753,8,8,2,6,8,8,1,1,1,1776081959,9028,
210740080,1,1,0,1,45,45,1,1,1,1776082008,10107,
3906094706,32,32,16,16,7,7,1,1,1,1776081905,26002,
80216231,16,16,14,2,22,22,1,1,1,1776082054,17043,
336511521,2,2,0,2,27,27,1,1,1,1776081816,19026,
82562556,14,14,10,4,33,33,1,1,1,1776082132,16039,
1062250686,20,20,1,19,14,14,1,1,1,1776082007,45003,
129043651,6,6,5,1,16,16,1,1,1,1776082194,11002,
27363489,5,5,0,5,40,40,1,1,1,1776081976,12111,
39296638,45,45,24,21,4,4,1,1,1,1776082195,8034,
813544903,21,21,16,5,8,8,1,1,1,1776082039,11047,
205938683,17,17,9,8,33,33,1,1,1,1776081998,19043,
210399835,46,46,1,45,4,4,1,1,1,1776081912,5032,
210583589,4,4,2,2,28,28,1,1,1,1776082081,10010,
230877798,1,1,1,0,31,31,1,1,1,1776082170,18107,
129048000,2,2,1,1,44,44,1,1,1,1776082025,11023,
101763163,10,10,7,3,1,1,1,1,1,1776081917,15067,
213688462,30,30,29,1,8,8,1,1,1,1776082166,16108,
27414578,13,13,7,6,2,2,1,1,1,1776082167,6006,
54000569,8,8,8,0,29,29,1,1,1,1776081905,11027,
508042092,16,16,6,10,17,17,1,1,1,1776082023,12128,
42603855,11,11,3,8,6,6,1,1,1,1776082119,8010,
818302209,10,10,6,4,42,42,1,1,1,1776082016,31022,
1057392676,5,5,4,1,30,30,1,1,1,1776081754,46002,
129034587,0,0,0,0,17,17,1,1,1,1776082188,10016,
261987383,4,4,0,4,21,21,1,1,1,1776081643,31009,
314829539,1,1,0,1,48,48,1,1,1,1776081978,41302,
1057324291,3,3,1,2,55,55,1,1,1,1776081687,14020,
583539396,8,8,2,6,21,21,1,1,1,1776081899,33017,
101753100,14,14,11,3,1,1,1,1,1,1776082183,15042,
81081358,2,2,2,0,34,34,1,1,1,1776081970,18011,
209057581,1,1,0,1,14,14,1,1,1,1776082013,33102,
3906335682,4,4,1,3,19,19,1,1,1,1776081938,42706,
586539770,5,5,2,3,17,17,1,1,1,1776081681,21212,
597245295,1,1,1,0,34,34,1,1,1,1776081878,44006,
235513935,2,2,0,2,25,25,1,1,1,1776081837,19120,
102324803,5,5,1,4,35,35,1,1,1,1776082091,20042,
532054446,8,8,7,1,48,48,1,1,1,1776082189,11113,
535500589,76,76,66,10,2,2,1,1,1,1776081883,15104,
265464297,6,6,1,5,44,44,1,1,1,1776081945,14003,
66491385,2,2,0,2,21,21,1,1,1,1776081957,43008,
37815993,35,35,25,10,2,2,1,1,1,1776082192,5018,
13718041,2,2,1,1,20,20,1,1,1,1776082104,19101,
126050442,4,4,2,2,18,18,1,1,1,1776081799,17030,
19495443023,4,4,0,4,29,29,1,1,1,1776082051,17204,
828134511,6,6,3,3,25,25,1,1,1,1776082187,14138,
129060764,6,6,2,4,20,20,1,1,1,1776082142,12114,
596813170,4,4,3,1,10,10,1,1,1,1776082097,41209,
596872103,2,2,0,2,28,28,1,1,1,1776081949,21312,
129067920,3,3,1,2,24,24,1,1,1,1776082180,14008,
88140066,15,15,3,12,50,50,1,1,1,1776082017,8017,
213683101,16,16,12,4,3,3,1,1,1,1776082066,15054,
213684750,23,23,19,4,12,12,1,1,1,1776082146,15106,
2515049357,24,24,2,22,0,0,1,1,1,1776082174,5124,
27364743,8,8,8,0,12,12,1,1,1,1776082057,14106,
102314792,2,2,1,1,31,31,1,1,1,1776082057,18046,
35447568,2,2,1,1,21,21,1,1,1,1776082186,22406,
128841079,37,37,27,10,2,2,1,1,1,1776082057,1020,
583178525,1,1,0,1,20,20,1,1,1,1776081753,31102,
2514995690,28,28,15,13,1,1,1,1,1,1776082149,2111,
66491402,2,2,1,1,35,35,1,1,1,1776081807,18022,
82387816,12,12,0,12,19,19,1,1,1,1776082187,8054,
213685090,6,6,5,1,21,21,1,1,1,1776082167,15109,
301841024,1,1,1,0,29,29,1,1,1,1776081753,21209,
213679512,1,1,1,0,36,36,1,1,1,1776081881,14012,
66491389,53,53,38,15,2,2,1,1,1,1776082193,8045,
129038848,32,32,18,14,1,1,1,1,1,1776082194,10042,
102323152,5,5,1,4,14,14,1,1,1,1776081754,19103,
17581042048,10,10,5,5,18,18,1,1,1,1776081981,17203,
230952057,30,30,28,2,2,2,1,1,1,1776082190,42014,
85147829,16,16,13,3,9,9,1,1,1,1776082163,21005,
128932790,0,0,0,0,0,0,1,0,0,1776081697,8028,
20636368032,15,15,1,14,4,4,1,1,1,1776082015,5203,
213681356,4,4,3,1,18,18,1,1,1,1776082167,14124,
2515351285,5,5,1,4,22,22,1,1,1,1776081925,15133,
213685514,21,21,18,3,3,3,1,1,1,1776082142,15110,
102329800,22,22,19,3,5,5,1,1,1,1776081973,21006,
572566600,3,3,2,1,27,27,1,1,1,1776081603,44013,
54000625,2,2,0,2,31,31,1,1,1,1776082069,20131,
588452142,7,7,1,6,17,17,1,1,1,1776081991,35010,
129132870,10,10,3,7,12,12,1,1,1,1776082098,21015,
620403530,6,6,6,0,14,14,1,1,1,1776081669,44003,
66491378,28,28,27,1,23,23,1,1,1,1776081951,15034,
41610121,26,26,22,4,2,2,1,1,1,1776082161,5028,
1765749389,4,4,2,2,11,11,1,1,1,1776082003,48010,
611152693,2,2,0,2,25,25,1,1,1,1776082123,22203,
235241110,3,3,0,3,58,58,1,1,1,1776082134,41202,
613737748,19,19,9,10,8,8,1,1,1,1776082179,42021,
1062671597,23,23,18,5,0,0,1,1,1,1776082113,1119,
245187072,1,1,0,1,19,19,1,1,1,1776081963,20115,
463297497,2,2,0,2,18,18,1,1,1,1776082047,35020,
213875650,23,23,14,9,1,1,1,1,1,1776082069,25003,
129144878,16,16,8,8,14,14,1,1,1,1776082067,31003,
27415665,6,6,4,2,37,37,1,1,1,1776082077,22402,
593238093,16,16,4,12,7,7,1,1,1,1776082152,9116,
13356269,28,28,15,13,4,4,1,1,1,1776082149,6025,
41498023,7,7,4,3,17,17,1,1,1,1776082137,11030,
20431005501,9,9,5,4,3,3,1,1,1,1776082125,4201,
37791,9,9,7,2,26,26,1,1,1,1776081933,11039,
50156117,2,2,0,2,21,21,1,1,1,1776081811,17013,
210744286,6,6,1,5,39,39,1,1,1,1776082177,11026,
213992316,1,1,0,1,48,48,1,1,1,1776082024,32604,
213694482,1,1,0,1,19,19,1,1,1,1776082090,19024,
235599121,11,11,3,8,12,12,1,1,1,1776082089,41601,
462875227,21,21,10,11,2,2,1,1,1,1776082077,23006,
101743895,12,12,12,0,50,50,1,1,1,1776082040,15021,
213691848,26,26,21,5,16,16,1,1,1,1776082067,17105,
129011497,11,11,5,6,13,13,1,1,1,1776082193,9010,
76199461,3,3,2,1,27,27,1,1,1,1776082187,18028,
54000601,3,3,0,3,19,19,1,1,1,1776081675,18009,
213691137,6,6,2,4,24,24,1,1,1,1776081894,17033,
549876068,2,2,1,1,45,45,1,1,1,1776082124,19032,
1057774603,4,4,1,3,28,28,1,1,1,1776082023,17125,
82550543,39,39,32,7,15,15,1,1,1,1776082043,16030,
102749572,36,36,11,25,14,14,1,1,1,1776082192,43005,
390212609,6,6,4,2,23,23,1,1,1,1776082127,16136,
102338493,5,5,2,3,24,24,1,1,1,1776082018,21701,
15462236,31,31,1,30,1,1,1,1,1,1776082131,16008,
27362896,22,22,12,10,4,4,1,1,1,1776082044,22003,
39254792,6,6,4,2,44,44,1,1,1,1776082175,11024,
63498079,3,3,0,3,21,21,1,1,1,1776082109,19022,
101024234,55,55,47,8,1,1,1,1,1,1776082167,13050,
97677210,1,1,0,1,48,48,1,1,1,1776081923,11105,
102331767,11,11,9,2,23,23,1,1,1,1776081972,21008,
875078767,1,1,0,1,19,19,1,1,1,1776081949,20134,
224256188,14,14,3,11,15,15,1,1,1,1776081927,8056,
1558958733,17,17,3,14,10,10,1,1,1,1776082126,24001,
2515802454,4,4,0,4,21,21,1,1,1,1776082103,22016,
648227675,5,5,2,3,35,35,1,1,1,1776081957,14136,
1062206433,0,0,0,0,19,19,1,1,1,1776082055,32302,
129032910,7,7,2,5,47,47,1,1,1,1776082176,10014,
54001024,5,5,3,2,47,47,1,1,1,1776082179,11035,
94250567,19,19,16,3,34,34,1,1,1,1776082154,42010,
129078200,2,2,0,2,27,27,1,1,1,1776082147,15046,
649888071,16,16,16,0,3,3,1,1,1,1776081975,46001,
82563707,13,13,7,6,19,19,1,1,1,1776082021,16040,
129143598,14,14,12,2,14,14,1,1,1,1776082144,22006,
213690847,16,16,7,9,21,21,1,1,1,1776082007,17028,
102333275,26,26,21,5,8,8,1,1,1,1776082084,21301,
640629438,0,0,0,0,22,22,1,1,1,1776082129,42302,
27363362,1,1,0,1,16,16,1,1,1,1776082165,19029,
237624030,32,32,20,12,3,3,1,1,1,1776082169,9032,
6399,3,3,1,2,29,29,1,1,1,1776081860,19016,
213957917,11,11,6,5,16,16,1,1,1,1776082109,32003,
54000626,15,15,9,6,7,7,1,1,1,1776082075,21104,
210746090,29,29,27,2,17,17,1,1,1,1776082151,11042,
18880379814,21,21,12,9,5,5,1,1,1,1776082166,32026,
27414841,3,3,0,3,29,29,1,1,1,1776081925,9005,
42566291,28,28,16,12,6,6,1,1,1,1776082100,8025,
82253759,42,42,25,17,5,5,1,1,1,1776082152,7102,
54000577,3,3,2,1,23,23,1,1,1,1776082088,13002,
19495480499,18,18,14,4,5,5,1,1,1,1776082028,12204,
213702608,1,1,0,1,18,18,1,1,1,1776081857,20121,
54000609,1,1,1,0,33,33,1,1,1,1776082152,19013,
128986726,33,33,17,16,11,11,1,1,1,1776082171,8050,
362869414,11,11,10,1,13,13,1,1,1,1776082172,43003,
214139374,0,0,0,0,30,30,1,1,1,1776081668,42504,
17174681330,11,11,11,0,14,14,1,1,1,1776081870,26013,
213700358,2,2,0,2,18,18,1,1,1,1776081911,20111,
66491405,6,6,1,5,18,18,1,1,1,1776082173,20043,
559507144,1,1,1,0,24,24,1,1,1,1776081644,42015,
653063170,15,15,5,10,24,24,1,1,1,1776082127,32016,
3906215030,6,6,0,6,28,28,1,1,1,1776081971,15201,
129151834,3,3,0,3,38,38,1,1,1,1776081790,31010,
55664548,25,25,19,6,8,8,1,1,1,1776082197,11004,
4329844165,8,8,4,4,24,24,1,1,1,1776082044,18201,
653200142,24,24,16,8,14,14,1,1,1,1776082194,92008,
650091839,17,17,16,1,8,8,1,1,1,1776082162,41402,
18660653445,27,27,11,16,2,2,1,1,1,1776082146,51004,
42743053,1,1,0,1,35,35,1,1,1,1776081953,18012,
213699913,2,2,0,2,28,28,1,1,1,1776081976,19125,
101740379,2,2,1,1,43,43,1,1,1,1776082061,14036,
49859500,4,4,3,1,13,13,1,1,1,1776082157,12009,
19006016846,2,2,1,1,21,21,1,1,1,1776082058,19205,
647826568,29,29,23,6,1,1,1,1,1,1776082058,5123,
100767550,29,29,23,6,13,13,1,1,1,1776082166,4015,
20431381973,23,23,7,16,7,7,1,1,1,1776082164,31203,
213694069,3,3,3,0,21,21,1,1,1,1776081828,19008,
468843711,8,8,1,7,15,15,1,1,1,1776081880,9021,
378626842,17,17,14,3,33,33,1,1,1,1776082095,23009,
27414945,2,2,1,1,12,12,1,1,1,1776081994,12027,
2515927759,11,11,2,9,15,15,1,1,1,1776082076,42029,
205955605,22,22,7,15,13,13,1,1,1,1776082075,8035,
933214552,22,22,21,1,4,4,1,1,1,1776082096,21313,
39217683,7,7,4,3,21,21,1,1,1,1776082176,17102,
353462947,10,10,8,2,18,18,1,1,1,1776081975,28001,
1559700274,5,5,1,4,14,14,1,1,1,1776082138,26007,
66491393,9,9,8,1,38,38,1,1,1,1776082077,15025,
1062223873,4,4,1,3,19,19,1,1,1,1776081958,35018,
49085250,2,2,0,2,17,17,1,1,1,1776082120,18110,
66491404,3,3,0,3,18,18,1,1,1,1776081630,19005,
66491392,3,3,0,3,39,39,1,1,1,1776081990,10113,
2515907297,18,18,9,9,1,1,1,1,1,1776082164,41606,
341388492,6,6,5,1,40,40,1,1,1,1776082146,17045,
985828965,29,29,26,3,11,11,1,1,1,1776082147,43402,
338762459,3,3,2,1,22,22,1,1,1,1776082195,33018,
323486248,1,1,1,0,13,13,1,1,1,1776082099,12013,
501318622,4,4,2,2,18,18,1,1,1,1776082064,11115,
213688824,16,16,10,6,17,17,1,1,1,1776082173,16111,
210090269,22,22,21,1,56,56,1,1,1,1776082054,11007,
54000544,37,37,33,4,1,1,1,1,1,1776082119,5021,
66491370,27,27,20,7,0,0,1,1,1,1776082163,6013,
27071684,20,20,19,1,12,12,1,1,1,1776082138,12115,
38263504,12,12,7,5,11,11,1,1,1,1776082085,21305,
82337423,27,27,20,7,18,18,1,1,1,1776082167,7015,
20523046082,15,15,6,9,37,37,1,1,1,1776082099,18204,
49403716,40,40,25,15,1,1,1,1,1,1776082166,8033,
470807791,11,11,7,4,21,21,1,1,1,1776081872,16121,
568135465,23,23,18,5,14,14,1,1,1,1776082121,23001,
82450803,32,32,31,1,27,27,1,1,1,1776082145,15010,
214102967,11,11,7,4,32,32,1,1,1,1776082001,41102,
54000597,4,4,3,1,18,18,1,1,1,1776082071,17037,
2515658032,4,4,0,4,14,14,1,1,1,1776082153,18141,
652192395,32,32,28,4,33,33,1,1,1,1776082192,16124,
571923059,4,4,2,2,44,44,1,1,1,1776082102,33003,
54000635,5,5,4,1,27,27,1,1,1,1776082002,33009,
357409723,19,19,17,2,25,25,1,1,1,1776081821,15033,
1062179194,0,0,0,0,24,24,1,1,1,1776081702,25005,
1063017616,8,8,6,2,13,13,1,1,1,1776082165,22505,
378648513,5,5,1,4,31,31,1,1,1,1776082184,13045,
27278603,2,2,1,1,25,25,1,1,1,1776082071,19115,
13497763,2,2,0,2,38,38,1,1,1,1776081864,14034,
653042442,39,39,3,36,1,1,1,1,1,1776082081,32010,
49807107,11,11,5,6,6,6,1,1,1,1776082183,16018,
210747224,48,48,30,18,0,0,1,1,1,1776082108,12034,
17992442278,1,1,0,1,17,17,1,1,1,1776082191,25008,
52393,20,20,7,13,30,30,1,1,1,1776082052,19044,
570185777,12,12,6,6,23,23,1,1,1,1776082130,24002,
473204291,32,32,10,22,2,2,1,1,1,1776082065,33001,
27363103,24,24,15,9,8,8,1,1,1,1776082164,16034,
631773910,18,18,14,4,8,8,1,1,1,1776082128,41404,
49368561,25,25,20,5,33,33,1,1,1,1776082022,11036,
210568512,65,65,34,31,11,11,1,1,1,1776082073,7009,
82445192,0,0,0,0,41,41,1,1,1,1776081841,14117,
85145704,1,1,0,1,25,25,1,1,1,1776082174,20132,
653062048,6,6,1,5,36,36,1,1,1,1776082072,10152,
85165045,3,3,0,3,21,21,1,1,1,1776081912,42707,
475524450,4,4,2,2,19,19,1,1,1,1776082070,92003,
653048150,32,32,16,16,7,7,1,1,1,1776082032,5119,
244400797,8,8,3,5,14,14,1,1,1,1776081949,35009,
20531346153,10,10,8,2,19,19,1,1,1,1776082191,10206,
129001431,8,8,3,5,23,23,1,1,1,1776082192,8055,
653203262,29,29,22,7,0,0,1,1,1,1776082100,27002,
406806401,8,8,5,3,18,18,1,1,1,1776081885,21109,
1063035479,12,12,5,7,12,12,1,1,1,1776082063,23701,
54000595,2,2,0,2,51,51,1,1,1,1776081766,17007,
82571110,8,8,8,0,17,17,1,1,1,1776082179,21502,
217235307,4,4,3,1,21,21,1,1,1,1776082133,31012,
82421994,5,5,3,2,29,29,1,1,1,1776082059,12024,
129086648,2,2,1,1,40,40,1,1,1,1776081789,16129,
217572769,6,6,0,6,20,20,1,1,1,1776081935,35019,
214298601,3,3,2,1,20,20,1,1,1,1776081960,14104,
129125489,2,2,0,2,19,19,1,1,1,1776081800,20113,
26958435,0,0,0,0,25,25,1,1,1,1776081762,20119,
213922790,1,1,1,0,48,48,1,1,1,1776081650,31705,
37936869,33,33,15,18,1,1,1,1,1,1776082188,6030,
19016722230,18,18,13,5,5,5,1,1,1,1776081644,23802,
210748575,4,4,2,2,47,47,1,1,1,1776082174,12126,
129119449,1,1,0,1,30,30,1,1,1,1776082017,20036,
6385,6,6,3,3,14,14,1,1,1,1776081720,19019,
214122655,28,28,13,15,1,1,1,1,1,1776082056,41604,
129077035,49,49,36,13,3,3,1,1,1,1776082176,15029,
15461933,2,2,0,2,16,16,1,1,1,1776082124,17018,
216473073,2,2,0,2,15,15,1,1,1,1776082065,18005,
37521,14,14,11,3,1,1,1,1,1,1776081787,10005,
216039437,24,24,4,20,16,16,1,1,1,1776082177,8102,
985086307,20,20,17,3,4,4,1,1,1,1776081991,26001,
82458977,1,1,0,1,21,21,1,1,1,1776082071,15017,
129103849,0,0,0,0,20,20,1,1,1,1776082168,18020,
1057009034,1,1,0,1,26,26,1,1,1,1776082006,20136,
82334007,34,34,29,5,15,15,1,1,1,1776082169,5026,
214146056,17,17,7,10,11,11,1,1,1,1776082170,43006,
85008390,64,64,59,5,7,7,1,1,1,1776082179,15028,
43155320,7,7,2,5,41,41,1,1,1,1776082116,14018,
221047138,0,0,0,0,17,17,1,1,1,1776081965,31702,
210567545,17,17,15,2,0,0,1,1,1,1776082126,7004,
129130397,5,5,3,2,16,16,1,1,1,1776081915,21013,
653129412,3,3,1,2,28,28,1,1,1,1776082169,42503,
419381597,16,16,12,4,32,32,1,1,1,1776082055,21111,
426772876,17,17,15,2,13,13,1,1,1,1776082171,11114,
653046029,28,28,23,5,22,22,1,1,1,1776082189,5116,
54000548,30,30,23,7,2,2,1,1,1,1776082166,7006,
27414601,30,30,21,9,12,12,1,1,1,1776082189,7014,
215495494,9,9,2,7,36,36,1,1,1,1776082086,8012,
15308782,33,33,28,5,0,0,1,1,1,1776082066,5002,
20431134793,7,7,7,0,9,9,1,1,1,1776082196,22508,
653085678,17,17,16,1,3,3,1,1,1,1776082093,17106,
74620630,2,2,0,2,24,24,1,1,1,1776082116,20040,
129091653,1,1,0,1,32,32,1,1,1,1776081914,17017,
129036192,4,4,1,3,8,8,1,1,1,1776082188,10023,
11004671601,11,11,4,7,14,14,1,1,1,1776082096,34002,
210754072,3,3,0,3,32,32,1,1,1,1776081843,13026,
419991048,28,28,23,5,21,21,1,1,1,1776082188,23002,
2820744873,8,8,4,4,22,22,1,1,1,1776081798,14139,
213676825,31,31,18,13,20,20,1,1,1,1776082195,13102,
20636558756,5,5,3,2,30,30,1,1,1,1776081679,10204,
15299574,29,29,27,2,16,16,1,1,1,1776082182,11101,
41566122,24,24,15,9,29,29,1,1,1,1776082068,15055,
963786819,1,1,1,0,27,27,1,1,1,1776081943,14130,
427678168,3,3,1,2,41,41,1,1,1,1776082100,10015,
976762284,22,22,16,6,6,6,1,1,1,1776082130,41207,
82421013,4,4,1,3,30,30,1,1,1,1776082020,12011,
434419150,56,56,33,23,2,2,1,1,1,1776082185,21308,
220502135,16,16,10,6,17,17,1,1,1,1776082160,12032,
129114993,0,0,0,0,31,31,1,1,1,1776082101,19037,
220726050,47,47,34,13,5,5,1,1,1,1776082071,6103,
254224239,10,10,5,5,53,53,1,1,1,1776082127,15038,
85118872,0,0,0,0,37,37,1,1,1,1776081924,20021,
100859941,45,45,31,14,7,7,1,1,1,1776082194,7005,
224589573,16,16,1,15,2,2,1,1,1,1776082116,6018,
252339799,27,27,17,10,1,1,1,1,1,1776082137,21019,
129134084,14,14,12,2,10,10,1,1,1,1776082099,21105,
1805401614,20,20,16,4,6,6,1,1,1,1776082160,21032,
20432939844,8,8,6,2,14,14,1,1,1,1776081925,27008,
129116697,3,3,1,2,15,15,1,1,1,1776082035,19109,
977409509,2,2,1,1,36,36,1,1,1,1776081980,31019,
653055049,31,31,18,13,3,3,1,1,1,1776082093,32014,
221041655,4,4,1,3,51,51,1,1,1,1776082119,18032,
1057769632,14,14,11,3,12,12,1,1,1,1776082186,17124,
1333959209,3,3,2,1,16,16,1,1,1,1776082161,44012,
213690256,7,7,4,3,39,39,1,1,1,1776082173,17027,
120564786,54,54,21,33,2,2,1,1,1,1776082147,2009,
632007124,8,8,3,5,27,27,1,1,1,1776082175,31016,
977206088,27,27,23,4,3,3,1,1,1,1776082174,51003,
213868408,22,22,15,7,8,8,1,1,1,1776082191,22101,
129061615,33,33,31,2,1,1,1,1,1,1776082096,13016,
224598098,3,3,0,3,48,48,1,1,1,1776082150,13043,
82508970,5,5,3,2,19,19,1,1,1,1776082110,44102,
653055097,1,1,1,0,21,21,1,1,1,1776081840,9115,
27246227,2,2,1,1,21,21,1,1,1,1776082166,19039,
63297,16,16,4,12,5,5,1,1,1,1776082184,16032,
95927849,16,16,11,5,23,23,1,1,1,1776082195,21003,
102341385,14,14,9,5,9,9,1,1,1,1776082185,22001,
54000605,3,3,2,1,37,37,1,1,1,1776082030,18025,
979059925,1,1,0,1,28,28,1,1,1,1776082039,17122,
6512,0,0,0,0,15,15,1,1,1,1776082146,20027,
27363323,31,31,22,9,1,1,1,1,1,1776082183,9023,
10968855,9,9,8,1,9,9,1,1,1,1776082060,14122,
221038698,19,19,9,10,7,7,1,1,1,1776082179,16123,
82381710,4,4,0,4,10,10,1,1,1,1776082187,8051,
129145892,6,6,0,6,43,43,1,1,1,1776081700,31007,
102289046,10,10,8,2,25,25,1,1,1,1776082179,15108,
124402232,2,2,1,1,38,38,1,1,1,1776082193,19040,
27415327,21,21,10,11,5,5,1,1,1,1776081998,17047,
85120104,1,1,0,1,13,13,1,1,1,1776082039,20023,
1063404053,2,2,0,2,18,18,1,1,1,1776082175,41204,
989753852,1,1,0,1,19,19,1,1,1,1776081994,17121,
82577019,7,7,2,5,22,22,1,1,1,1776081801,19009,
39256416,1,1,1,0,46,46,1,1,1,1776082158,18109,
255207155,1,1,0,1,19,19,1,1,1,1776082058,19038,
63769334,2,2,0,2,37,37,1,1,1,1776081999,18029,
129136818,2,2,1,1,20,20,1,1,1,1776082122,21703,
653080986,11,11,11,0,6,6,1,1,1,1776082178,35017,
27415469,0,0,0,0,24,24,1,1,1,1776081892,20118,
66491401,31,31,28,3,22,22,1,1,1,1776082117,17011,
84979504,24,24,9,15,1,1,1,1,1,1776082136,9031,
653059015,2,2,0,2,27,27,1,1,1,1776082156,9117,
205047993,12,12,4,8,34,34,1,1,1,1776082114,14002,
101748685,22,22,22,0,20,20,1,1,1,1776082024,15035,
54000608,27,27,20,7,26,26,1,1,1,1776082152,18049,
121025345,3,3,0,3,8,8,1,1,1,1776082041,10020,
213692714,2,2,0,2,22,22,1,1,1,1776082112,18113,
11218807773,35,35,23,12,13,13,1,1,1,1776082078,34010,
54000598,6,6,2,4,19,19,1,1,1,1776082192,17046,
2515976231,13,13,6,7,7,7,1,1,1,1776081928,92004,
66491394,15,15,12,3,22,22,1,1,1,1776082172,11041,
102743096,1,1,0,1,26,26,1,1,1,1776082134,31703,
126175087,3,3,1,2,21,21,1,1,1,1776081960,35003,
1057184567,0,0,0,0,35,35,1,1,1,1776082078,31025,
101746493,38,38,34,4,15,15,1,1,1,1776082029,15031,
27363137,10,10,5,5,12,12,1,1,1,1776082104,21014,
653050378,27,27,23,4,19,19,1,1,1,1776082197,5121,
82404497,6,6,3,3,28,28,1,1,1,1776082190,11006,
1968156458,19,19,16,3,16,16,1,1,1,1776082148,47005,
991351798,0,0,0,0,16,16,1,1,1,1776081732,19127,
7304,15,15,3,12,0,0,1,1,1,1776082189,16015,
43255030,0,0,0,0,48,48,1,1,1,1776082182,17040,
1002738770,22,22,15,7,5,5,1,1,1,1776082196,1120,
15409531,9,9,2,7,7,7,1,1,1,1776082193,14112,
29327,5,5,3,2,16,16,1,1,1,1776081840,47004,
36298,4,4,1,3,13,13,1,1,1,1776082146,9026,
37903195,23,23,15,8,4,4,1,1,1,1776082002,21001,
102313219,2,2,1,1,30,30,1,1,1,1776082028,18033,
100906707,8,8,5,3,34,34,1,1,1,1776082046,11010,
624177860,15,15,12,3,35,35,1,1,1,1776082082,16122,
27369223,1,1,1,0,16,16,1,1,1,1776081861,15002,
102336814,13,13,11,2,8,8,1,1,1,1776082186,21310,
484423835,14,14,12,2,13,13,1,1,1,1776082124,23007,
54000618,4,4,0,4,29,29,1,1,1,1776082157,20016,
653059879,19,19,11,8,19,19,1,1,1,1776082055,32015,
39799329,25,25,22,3,10,10,1,1,1,1776082156,9014,
15291968,1,1,0,1,12,12,1,1,1,1776082185,16043,
15387809,6,6,1,5,54,54,1,1,1,1776081875,16027,
66491407,2,2,1,1,20,20,1,1,1,1776082103,20116,
221094844,22,22,11,11,1,1,1,1,1,1776082145,6107,
15397468,40,40,37,3,5,5,1,1,1,1776082184,16029,
84966359,1,1,0,1,24,24,1,1,1,1776082000,8019,
42908639,1,1,0,1,27,27,1,1,1,1776082197,9017,
125469898,2,2,1,1,31,31,1,1,1,1776081874,18008,
54000549,14,14,6,8,2,2,1,1,1,1776081783,7008,
52329,23,23,4,19,13,13,1,1,1,1776082175,16112,
85162552,3,3,1,2,42,42,1,1,1,1776082072,42703,
54000586,5,5,4,1,27,27,1,1,1,1776082113,14030,
2515738489,6,6,2,4,13,13,1,1,1,1776081957,20201,
256561528,11,11,6,5,33,33,1,1,1,1776082071,13046,
452920451,1,1,0,1,20,20,1,1,1,1776082009,22102,
54000588,2,2,1,1,64,64,1,1,1,1776081959,15003,
1020700136,19,19,11,8,1,1,1,1,1,1776082002,4110,
100855693,19,19,13,6,6,6,1,1,1,1776082093,6032,
102304517,5,5,3,2,41,41,1,1,1,1776082093,17022,
128889359,10,10,3,7,29,29,1,1,1,1776082091,7020,
210737808,4,4,1,3,23,23,1,1,1,1776082075,10036,
17526921983,26,26,11,15,6,6,1,1,1,1776082172,23304,
54000546,29,29,16,13,4,4,1,1,1,1776082192,6017,
912377361,23,23,19,4,20,20,1,1,1,1776082111,12161,
20440192915,0,0,0,0,1,1,1,0,0,1752834155,45502,
259977414,20,20,18,2,1,1,1,1,1,1776082191,15107,
36473,9,9,3,6,10,10,1,1,1,1776082099,9101,
129101773,3,3,0,3,39,39,1,1,1,1776081726,18017,
256124192,1,1,0,1,41,41,1,1,1,1776081966,19041,
100918666,4,4,3,1,16,16,1,1,1,1776081812,11043,
1002059045,26,26,11,15,1,1,1,1,1,1776082181,1117,
35137730,3,3,1,2,46,46,1,1,1,1776082184,13103,
54000545,36,36,31,5,27,27,1,1,1,1776082171,15059,
82417874,18,18,12,6,53,53,1,1,1,1776082107,11102,
82568336,0,0,0,0,25,25,1,1,1,1776081986,31704,
66491408,0,0,0,0,31,31,1,1,1,1776081927,32603,
18175885970,15,15,11,4,33,33,1,1,1,1776082195,17201,
17527065847,11,11,11,0,5,5,1,1,1,1776082069,23403,
17527110170,5,5,4,1,24,24,1,1,1,1776082003,23903,
75641607,5,5,3,2,26,26,1,1,1,1776082194,6027,
54000541,5,5,3,2,22,22,1,1,1,1776082087,4013,
1025995767,16,16,11,5,5,5,1,1,1,1776082105,45001,
1034242363,4,4,1,3,29,29,1,1,1,1776082037,31023,
1021553839,3,3,1,2,30,30,1,1,1,1776082182,9118,
1021176825,14,14,8,6,8,8,1,1,1,1776082195,21024,
335780498,23,23,21,2,6,6,1,1,1,1776081937,2001,
54000611,2,2,0,2,23,23,1,1,1,1776081945,19023,
484387018,0,0,0,0,30,30,1,1,1,1776082171,20019,
1035816937,4,4,2,2,24,24,1,1,1,1776081865,18137,
544249939,45,45,35,10,4,4,1,1,1,1776082153,7101,
1023083417,20,20,15,5,1,1,1,1,1,1776081962,18138,
66507229,0,0,0,0,26,26,1,1,1,1776082099,17116,
20636823021,0,0,0,0,16,16,1,1,1,1776082132,18208,
82432573,23,23,19,4,26,26,1,1,1,1776082187,13041,
66491386,20,20,12,8,36,36,1,1,1,1776082034,7016,
54000539,19,19,12,7,16,16,1,1,1,1776082179,4011,
452936197,3,3,2,1,56,56,1,1,1,1776082182,12041,
27415012,62,62,46,16,4,4,1,1,1,1776082183,12108,
101490103,2,2,0,2,20,20,1,1,1,1776082135,14006,
100872260,24,24,15,9,18,18,1,1,1,1776082115,7013,
213848056,23,23,14,9,29,29,1,1,1,1776082035,21311,
20431248994,0,0,0,0,20,20,1,1,1,1776082069,10207,
653127524,6,6,4,2,24,24,1,1,1,1776081920,21114,
263610599,5,5,1,4,40,40,1,1,1,1776082052,31013,
214134714,4,4,1,3,22,22,1,1,1,1776082114,42301,
653066427,23,23,17,6,1,1,1,1,1,1776081781,32018,
129089749,1,1,1,0,27,27,1,1,1,1776082135,17016,
82587428,1,1,0,1,30,30,1,1,1,1776082173,20202,
27415297,5,5,1,4,47,47,1,1,1,1776082121,18019,
13283986,12,12,10,2,21,21,1,1,1,1776082174,11003,
100910836,8,8,1,7,38,38,1,1,1,1776082106,11034,
6515,42,42,27,15,1,1,1,1,1,1776082096,9012,
41523981,12,12,9,3,34,34,1,1,1,1776082124,15020,
1034247348,9,9,4,5,24,24,1,1,1,1776082062,41206,
39536951,6,6,4,2,25,25,1,1,1,1776082131,13113,
35089539,1,1,0,1,21,21,1,1,1,1776081912,19031,
27415169,1,1,0,1,22,22,1,1,1,1776081670,13114,
15412563,21,21,18,3,1,1,1,1,1,1776082168,15061,
30179848,4,4,1,3,23,23,1,1,1,1776081946,20017,
27363029,2,2,0,2,30,30,1,1,1,1776081888,11019,
484889494,7,7,2,5,17,17,1,1,1,1776082176,23008,
54000607,7,7,5,2,16,16,1,1,1,1776082140,15063,
36003,15,15,10,5,6,6,1,1,1,1776082083,6014,
27415215,3,3,2,1,22,22,1,1,1,1776081888,14116,
263732151,2,2,0,2,31,31,1,1,1,1776081983,31018,
129161858,3,3,1,2,29,29,1,1,1,1776082108,33005,
653035822,22,22,11,11,5,5,1,1,1,1776082090,2110,
27415285,11,11,6,5,12,12,1,1,1,1776081984,7026,
27363256,25,25,17,8,0,0,1,1,1,1776081993,1016,
42341698,55,55,33,22,2,2,1,1,1,1776081836,2021,
100902274,51,51,32,19,1,1,1,1,1,1776082134,8015,
100770878,25,25,22,3,0,0,1,1,1,1776082137,5019,
75313725,5,5,1,4,29,29,1,1,1,1776082146,14007,
653069115,2,2,0,2,32,32,1,1,1,1776081953,10164,
82419429,26,26,26,0,16,16,1,1,1,1776082129,11107,
349750111,10,10,7,3,20,20,1,1,1,1776082178,9113,
52453,2,2,0,2,23,23,1,1,1,1776081839,20103,
210389577,31,31,13,18,1,1,1,1,1,1776082172,2014,
1055553396,10,10,7,3,5,5,1,1,1,1776082159,4109,
210394523,15,15,7,8,15,15,1,1,1,1776082118,3101,
66505513,30,30,12,18,0,0,1,1,1,1776082004,8105,
15383032,37,37,22,15,19,19,1,1,1,1776082167,8029,
1056959071,9,9,6,3,30,30,1,1,1,1776082196,11048,
486833337,24,24,8,16,9,9,1,1,1,1776082185,2101,
606669250,12,12,6,6,27,27,1,1,1,1776082181,12154,
17638171254,18,18,9,9,9,9,1,1,1,1776082148,22017,
54001190,3,3,2,1,23,23,1,1,1,1776082061,19021,
82569809,8,8,3,5,14,14,1,1,1,1776081996,17104,
266052390,1,1,0,1,27,27,1,1,1,1776081820,19030,
37952191,24,24,20,4,7,7,1,1,1,1776082176,21004,
34300292,16,16,13,3,9,9,1,1,1,1776082191,22002,
82554786,3,3,0,3,27,27,1,1,1,1776082074,35008,
268976295,7,7,2,5,25,25,1,1,1,1776082184,13022,
27415444,0,0,0,0,30,30,1,1,1,1776081278,20045,
76488849,28,28,21,7,8,8,1,1,1,1776082190,13019,
460558111,7,7,5,2,12,12,1,1,1,1776082194,11044,
66491368,61,61,38,23,6,6,1,1,1,1776082189,5030,
15401095,29,29,13,16,17,17,1,1,1,1776082142,16041,
1055541632,20,20,19,1,22,22,1,1,1,1776082007,21952,
54000561,8,8,2,6,24,24,1,1,1,1776081974,9015,
53999465,63,63,40,23,2,2,1,1,1,1776082192,1013,
60667075,19,19,7,12,2,2,1,1,1,1776082175,8049,
20824565291,3,3,2,1,97,97,1,0,0,1771785040,12507,
129081441,2,2,1,1,19,19,1,1,1,1776082100,16031,
1056986761,54,54,34,20,1,1,1,1,1,1776082161,12153,
84983562,2,2,0,2,49,49,1,1,1,1776081981,11110,
82566934,2,2,2,0,50,50,1,1,1,1776082187,17005,
35106544,1,1,1,0,54,54,1,1,1,1776081725,14016,
267976590,63,63,60,3,1,1,1,1,1,1776082154,12033,
54000630,5,5,2,3,20,20,1,1,1,1776082193,22012,
1599921040,4,4,1,3,26,26,1,1,1,1776082170,18142,
1056965116,7,7,4,3,41,41,1,1,1,1776082004,12120,
82573931,22,22,12,10,13,13,1,1,1,1776082009,18035,
82436057,4,4,0,4,18,18,1,1,1,1776082197,13110,
11851037297,1,1,0,1,32,32,1,1,1,1776082098,23105,
82448637,22,22,21,1,24,24,1,1,1,1776082109,15009,
271540743,4,4,2,2,22,22,1,1,1,1776082182,23005,
11851327865,4,4,4,0,25,25,1,1,1,1776082122,21120,
13372702,0,0,0,0,30,30,1,1,1,1776081889,20117,
1599931563,6,6,6,0,23,23,1,1,1,1776082136,48009,
15411223,2,2,1,1,22,22,1,1,1,1776082060,14125,
85152599,36,36,36,0,7,7,1,1,1,1776082153,21009,
478593396,2,2,0,2,17,17,1,1,1,1776082080,31017,
213675430,46,46,43,3,3,3,1,1,1,1776081906,13047,
363735875,6,6,6,0,10,10,1,1,1,1776081810,44103,
284711589,6,6,5,1,10,10,1,1,1,1776081881,4107,
265266148,4,4,2,2,19,19,1,1,1,1776081999,22403,
269953055,27,27,26,1,2,2,1,1,1,1776082115,42011,
66491406,16,16,4,12,32,32,1,1,1,1776082046,20047,
30550,24,24,21,3,0,0,1,1,1,1776082152,9013,
20637420127,4,4,1,3,32,32,1,1,1,1776081851,20204,
43219958,8,8,5,3,29,29,1,1,1,1776082144,14127,
82590367,16,16,8,8,40,40,1,1,1,1776082078,21017,
213693126,1,1,1,0,22,22,1,1,1,1776081979,18114,
20458224375,0,0,0,0,0,0,1,0,0,1754913534,2201,
357491025,9,9,7,2,13,13,1,1,1,1776082151,21951,
457713145,20,20,14,6,23,23,1,1,1,1776082063,92005,
392576677,23,23,8,15,1,1,1,1,1,1776081902,22103,
52456,3,3,0,3,25,25,1,1,1,1776082090,19113,
1056995858,1,1,0,1,28,28,1,1,1,1776082028,14128,
27414924,3,3,1,2,20,20,1,1,1,1776082126,10039,
213695073,12,12,8,4,18,18,1,1,1,1776082182,19036,
653217067,6,6,0,6,13,13,1,1,1,1776081992,31101,
365181481,3,3,0,3,47,47,1,1,1,1776082016,17001,
653076373,6,6,4,2,28,28,1,1,1,1776081956,12129,
275968458,24,24,4,20,36,36,1,1,1,1776082161,35004,
213936755,4,4,0,4,44,44,1,1,1,1776082148,31707,
128928526,1,1,1,0,13,13,1,1,1,1776082090,8011,
287096529,29,29,14,15,14,14,1,1,1,1776082134,13020,
13242682,2,2,0,2,29,29,1,1,1,1776081833,19124,
20940948422,0,0,0,0,1,1,1,0,0,1766492924,43203,
128884445,44,44,36,8,20,20,1,1,1,1776082189,7010,
284708999,3,3,1,2,35,35,1,1,1,1776081817,14113,
653079520,17,17,10,7,0,0,1,1,1,1776082196,35015,
653076393,41,41,17,24,23,23,1,1,1,1776082192,32021,
129069108,6,6,2,4,30,30,1,1,1,1776082161,15019,
19161093714,0,0,0,0,19,19,1,1,1,1776082001,20203,
54000550,30,30,20,10,1,1,1,1,1,1776082101,7024,
124390478,7,7,3,4,10,10,1,1,1,1776082115,20004,
1056979685,19,19,16,3,7,7,1,1,1,1776082095,12150,
97705710,6,6,3,3,33,33,1,1,1,1776082168,11031,
1056972307,4,4,2,2,44,44,1,1,1,1776081982,12125,
1062812659,25,25,24,1,35,35,1,1,1,1776082195,13515,
15310509,1,1,1,0,25,25,1,1,1,1776082080,9016,
1109534105,2,2,0,2,18,18,1,1,1,1776081856,31026,
1057003116,15,15,15,0,31,31,1,1,1,1776082047,15131,
285726279,3,3,0,3,22,22,1,1,1,1776082035,10037,
1057081237,1,1,0,1,23,23,1,1,1,1776081816,21316,
7261,8,8,2,6,12,12,1,1,1,1776082098,9036,
213685863,45,45,37,8,5,5,1,1,1,1776082194,15125,
390075668,5,5,4,1,33,33,1,1,1,1776082025,13117,
653079135,2,2,0,2,12,12,1,1,1,1776081822,13027,
38319086,2,2,1,1,33,33,1,1,1,1776081804,17029,
221032834,18,18,12,6,29,29,1,1,1,1776082174,10004,
653129435,11,11,9,2,5,5,1,1,1,1776082126,21118,
362178041,6,6,2,4,21,21,1,1,1,1776082170,21203,
100783424,38,38,25,13,31,31,1,1,1,1776082161,5034,
210584503,2,2,1,1,11,11,1,1,1,1776082092,10017,
38280,12,12,0,12,4,4,1,1,1,1776081723,16009,
653125838,22,22,17,5,7,7,1,1,1,1776082182,21029,
292871105,3,3,0,3,17,17,1,1,1,1776082042,19025,
457834134,11,11,2,9,18,18,1,1,1,1776082178,16003,
20458486160,0,0,0,0,15,15,1,1,1,1776082196,19208,
213686471,16,16,1,15,8,8,1,1,1,1776082090,16014,
124622630,7,7,7,0,28,28,1,1,1,1776081885,11103,
54000593,7,7,2,5,2,2,1,1,1,1776082114,16007,
422639331,10,10,2,8,21,21,1,1,1,1776082101,22013,
27362949,0,0,0,0,30,30,1,1,1,1776082108,10110,
1057061349,2,2,0,2,30,30,1,1,1,1776082039,21115,
285454061,1,1,0,1,44,44,1,1,1,1776081927,20002,
129121741,2,2,0,2,48,48,1,1,1,1776082031,20039,
129142199,8,8,1,7,22,22,1,1,1,1776082019,21708,
129135654,8,8,5,3,22,22,1,1,1,1776081749,21307,
214109662,12,12,11,1,7,7,1,1,1,1776081835,41210,
302725495,3,3,1,2,48,48,1,1,1,1776082052,21702,
653122771,15,15,15,0,9,9,1,1,1,1776082183,42304,
35147530,5,5,3,2,16,16,1,1,1,1776082190,11109,
1057179405,0,0,0,0,29,29,1,1,1,1776081597,31021,
653135400,15,15,11,4,10,10,1,1,1,1776081992,44002,
213689228,4,4,1,3,37,37,1,1,1,1776082165,16115,
129079313,21,21,19,2,22,22,1,1,1,1776081878,15123,
409364001,1,1,0,1,17,17,1,1,1,1776081845,13039,
1057039016,12,12,9,3,7,7,1,1,1,1776082162,21030,
1057045129,10,10,6,4,29,29,1,1,1,1776082125,21031,
1190800638,18,18,15,3,3,3,1,1,1,1776082027,16024,
303102719,3,3,0,3,8,8,1,1,1,1776082086,15043,
27363277,4,4,2,2,34,34,1,1,1,1776081934,17039,
303452950,0,0,0,0,34,34,1,1,1,1776082009,22604,
653126035,1,1,1,0,17,17,1,1,1,1776082098,42305,
210745258,8,8,4,4,39,39,1,1,1,1776081967,11032,
19016646124,19,19,12,7,5,5,1,1,1,1776082064,21955,
308082350,23,23,6,17,5,5,1,1,1,1776082108,16101,
653080383,46,46,45,1,0,0,1,1,1,1776082128,13121,
20636402451,20,20,14,6,5,5,1,1,1,1776082105,7203,
42499285,33,33,17,16,8,8,1,1,1,1776082070,8001,
37921892,2,2,0,2,23,23,1,1,1,1776082042,10012,
27363558,3,3,1,2,25,25,1,1,1,1776081872,13048,
653123610,24,24,24,0,11,11,1,1,1,1776082129,21028,
27269170,13,13,10,3,8,8,1,1,1,1776082096,4003,
54000562,3,3,1,2,26,26,1,1,1,1776082078,10018,
135806005,4,4,0,4,12,12,1,1,1,1776082049,32301,
102326776,3,3,0,3,20,20,1,1,1,1776081877,20108,
653135378,3,3,0,3,33,33,1,1,1,1776082034,21219,
84958519,10,10,6,4,3,3,1,1,1,1776082042,4001,
54000553,29,29,21,8,34,34,1,1,1,1776082085,8013,
34235349,24,24,1,23,4,4,1,1,1,1776081860,5014,
18012983979,29,29,24,5,14,14,1,1,1,1776081863,23902,
54000615,1,1,1,0,48,48,1,1,1,1776081936,20007,
453172172,1,1,0,1,11,11,1,1,1,1776082112,13033,
478385490,5,5,1,4,25,25,1,1,1,1776081645,42701,
213706622,4,4,1,3,19,19,1,1,1,1776082116,20122,
213686749,23,23,16,7,12,12,1,1,1,1776082196,16020,
1057302263,4,4,0,4,14,14,1,1,1,1776082172,13126,
42541542,1,1,1,0,28,28,1,1,1,1776081960,14101,
443402852,2,2,1,1,43,43,1,1,1,1776082088,17015,
38192,23,23,23,0,10,10,1,1,1,1776082153,15023,
1062162270,13,13,10,3,6,6,1,1,1,1776081887,22501,
35101194,29,29,20,9,1,1,1,1,1,1776082181,42003,
559980654,21,21,9,12,2,2,1,1,1,1776082091,8549,
210751059,1,1,0,1,9,9,1,1,1,1776081603,13011,
19331917084,19,19,5,14,10,10,1,1,1,1776082105,40009,
66491395,2,2,1,1,37,37,1,1,1,1776082189,12043,
404947652,21,21,13,8,11,11,1,1,1,1776082048,15072,
458086607,17,17,12,5,11,11,1,1,1,1776082090,23003,
653081846,5,5,1,4,25,25,1,1,1,1776082125,14131,
213689815,7,7,6,1,28,28,1,1,1,1776082187,17023,
443198808,3,3,0,3,32,32,1,1,1,1776082156,19108,
620676855,3,3,2,1,19,19,1,1,1,1776082124,44007,
6294,17,17,8,9,6,6,1,1,1,1776082134,4002,
210738704,18,18,14,4,6,6,1,1,1,1776082151,10105,
82565383,3,3,1,2,42,42,1,1,1,1776082041,17003,
102745622,13,13,8,5,14,14,1,1,1,1776082197,42501,
13191324,31,31,5,26,1,1,1,1,1,1776081997,6008,
213677219,15,15,12,3,6,6,1,1,1,1776082098,13109,
85155919,0,0,0,0,31,31,1,1,1,1776082118,21204,
1062238429,4,4,3,1,13,13,1,1,1,1776082087,42209,
102343591,5,5,2,3,24,24,1,1,1,1776081915,22206,
7247,7,7,0,7,15,15,1,1,1,1776082195,11021,
653134004,1,1,0,1,24,24,1,1,1,1776082161,21217,
389788858,45,45,38,7,28,28,1,1,1,1776082153,15030,
1056947780,2,2,0,2,23,23,1,1,1,1776082124,9114,
38327,25,25,12,13,14,14,1,1,1,1776082149,16011,
100925033,21,21,19,2,24,24,1,1,1,1776082133,12007,
109609241,31,31,23,8,1,1,1,1,1,1776082193,25001,
82562496,2,2,1,1,19,19,1,1,1,1776082195,35007,
235197110,10,10,9,1,34,34,1,1,1,1776082135,47001,
417088374,29,29,22,7,10,10,1,1,1,1776082125,44101,
439750210,6,6,0,6,19,19,1,1,1,1776082036,13032,
476183970,1,1,1,0,35,35,1,1,1,1776081856,10165,
27415246,35,35,33,2,9,9,1,1,1,1776082169,15064,
101491821,10,10,2,8,30,30,1,1,1,1776081845,14010,
369011098,13,13,7,6,7,7,1,1,1,1776082131,43001,
1057319366,27,27,16,11,3,3,1,1,1,1776082155,13128,
82375611,4,4,0,4,39,39,1,1,1,1776082186,8020,
102309973,3,3,1,2,40,40,1,1,1,1776082171,18003,
653147618,22,22,9,13,5,5,1,1,1,1776082165,22303,
19697757271,11,11,11,0,14,14,1,1,1,1776082117,40005,
417623119,2,2,0,2,17,17,1,1,1,1776082052,92001,
365886904,8,8,2,6,28,28,1,1,1,1776082042,17107,
653083263,38,38,29,9,0,0,1,1,1,1776082186,15057,
85015750,6,6,4,2,31,31,1,1,1,1776082049,16002,
27064639,1,1,0,1,20,20,1,1,1,1776081918,15004,
102722579,18,18,12,6,9,9,1,1,1,1776082173,23010,
39151458,3,3,0,3,17,17,1,1,1,1776081815,18007,
468354634,3,3,0,3,27,27,1,1,1,1776082102,19128,
213682190,4,4,1,3,39,39,1,1,1,1776081998,15005,
213692227,14,14,1,13,21,21,1,1,1,1776082190,18006,
653137566,2,2,0,2,30,30,1,1,1,1776081908,21401,
213674686,5,5,1,4,29,29,1,1,1,1776081935,13044,
488889101,17,17,14,3,15,15,1,1,1,1776082122,17108,
42720305,34,34,1,33,2,2,1,1,1,1776082188,8037,
266422568,16,16,5,11,5,5,1,1,1,1776081836,4020,
488872892,11,11,7,4,31,31,1,1,1,1776082083,15022,
54000632,13,13,10,3,23,23,1,1,1,1776082189,23004,
379063990,6,6,2,4,16,16,1,1,1,1776082155,22408,
210396518,15,15,0,15,1,1,1,1,1,1776081929,5012,
428088564,4,4,2,2,19,19,1,1,1,1776081870,43010,
221036108,3,3,1,2,43,43,1,1,1,1776081655,11017,
82584215,56,56,54,2,4,4,1,1,1,1776082169,21306,
38522,0,0,0,0,24,24,1,1,1,1776082195,9027,
1057730786,18,18,10,8,2,2,1,1,1,1776081856,1021,
131094294,13,13,12,1,15,15,1,1,1,1776082173,33015,
494183852,13,13,10,3,26,26,1,1,1,1776082131,7017,
491687415,9,9,6,3,11,11,1,1,1,1776082121,35006,
653083675,2,2,0,2,18,18,1,1,1,1776082172,41205,
653141822,6,6,4,2,16,16,1,1,1,1776082087,22015,
488980540,15,15,7,8,18,18,1,1,1,1776082162,12018,
653137567,3,3,2,1,17,17,1,1,1,1776081902,44005,
54000600,5,5,2,3,28,28,1,1,1,1776081934,17119,
82455731,4,4,3,1,57,57,1,1,1,1776082131,15011,
15212034,2,2,0,2,17,17,1,1,1,1776082132,9004,
1057399900,24,24,23,1,0,0,1,1,1,1776082078,51002,
491932748,0,0,0,0,39,39,1,1,1,1776081967,32601,
1057378487,12,12,7,5,10,10,1,1,1,1776082197,33016,
1057737444,39,39,20,19,10,10,1,1,1,1776082178,12026,
911767210,3,3,0,3,19,19,1,1,1,1776082034,10162,
82336035,17,17,12,5,1,1,1,1,1,1776082194,6012,
255322397,5,5,4,1,21,21,1,1,1,1776081966,13009,
1314450240,4,4,1,3,15,15,1,1,1,1776081805,27005,
1057221951,4,4,4,0,23,23,1,1,1,1776081767,44016,
559595472,21,21,15,6,2,2,1,1,1,1776082088,15071,
129016495,47,47,20,27,4,4,1,1,1,1776082099,9024,
16659964929,15,15,2,13,14,14,1,1,1,1776082001,8201,
1057335613,29,29,17,12,1,1,1,1,1,1776082113,15311,
586649404,8,8,5,3,17,17,1,1,1,1776081811,46003,
54000599,3,3,1,2,21,21,1,1,1,1776082137,17111,
20430917761,1,1,0,1,27,27,1,1,1,1776081851,19210,
210582231,17,17,11,6,8,8,1,1,1,1776082141,9102,
312870435,1,1,0,1,10,10,1,1,1,1776082198,9006,
129106450,1,1,0,1,35,35,1,1,1,1776082051,18030,
1057405802,12,12,3,9,19,19,1,1,1,1776081653,92006,
27414544,2,2,1,1,19,19,1,1,1,1776082123,5024,
213894629,1,1,1,0,43,43,1,1,1,1776081672,31005,
1057354004,27,27,9,18,0,0,1,1,1,1776082160,21314,
129059516,5,5,3,2,53,53,1,1,1,1776082042,12038,
100923502,29,29,23,6,11,11,1,1,1,1776081753,12005,
1227051850,7,7,6,1,32,32,1,1,1,1776082167,13516,
1057748427,20,20,19,1,23,23,1,1,1,1776082097,12155,
54000560,14,14,5,9,3,3,1,1,1,1776082171,9011,
36391,20,20,17,3,1,1,1,1,1,1776081733,9034,
100933541,6,6,2,4,21,21,1,1,1,1776082183,12028,
100934967,4,4,2,2,39,39,1,1,1,1776081843,12035,
15309045,7,7,2,5,7,7,1,1,1,1776081818,10021,
20490738387,12,12,10,2,18,18,1,1,1,1776081913,7202,
1062783107,24,24,16,8,6,6,1,1,1,1776081870,5115,
653086121,4,4,3,1,29,29,1,1,1,1776082185,41211,
653139897,1,1,0,1,26,26,1,1,1,1776077361,44011,
1015246367,0,0,0,0,25,25,1,0,0,1613934558,8116,
101011685,7,7,5,2,18,18,1,1,1,1776081985,12101,
27415547,4,4,0,4,21,21,1,1,1,1776082077,21707,
54000543,23,23,17,6,9,9,1,1,1,1776082077,4019,
1057091571,26,26,17,9,1,1,1,1,1,1776082196,21319,
20491171604,10,10,9,1,18,18,1,1,1,1776082193,47009,
100769544,44,44,40,4,0,0,1,1,1,1776082170,5001,
1057765913,14,14,8,6,25,25,1,1,1,1776082065,15129,
1062704564,25,25,17,8,35,35,1,1,1,1776082101,3102,
1057234527,17,17,15,2,22,22,1,1,1,1776081968,51001,
20491270292,16,16,12,4,33,33,1,1,1,1776082109,13206,
1057072168,3,3,0,3,21,21,1,1,1,1776081904,21315,
1057366813,3,3,2,1,28,28,1,1,1,1776081739,23102,
1056715831,14,14,9,5,7,7,1,1,1,1776081975,6022,
101742129,0,0,0,0,37,37,1,1,1,1776081995,15006,
1057360420,0,0,0,0,27,27,1,1,1,1776082086,21402,
125811629,14,14,5,9,30,30,1,1,1,1776082198,13052,
214119792,4,4,4,0,16,16,1,1,1,1776081872,41403,
13912564,23,23,22,1,0,0,1,1,1,1776082137,13018,
37504995,8,8,5,3,23,23,1,1,1,1776082112,21303,
131908132,2,2,1,1,18,18,1,1,1,1776082189,33014,
49117995,3,3,1,2,14,14,1,1,1,1776082154,9007,
1057753858,34,34,32,2,3,3,1,1,1,1776082080,15127,
54000592,35,35,34,1,1,1,1,1,1,1776082181,15070,
27359295,17,17,7,10,11,11,1,1,1,1776082122,20105,
81212212,2,2,0,2,22,22,1,1,1,1776082178,33103,
54000587,2,2,0,2,30,30,1,1,1,1776082084,14032,
58311330,1,1,0,1,38,38,1,1,1,1776082072,14011,
653087914,8,8,7,1,19,19,1,1,1,1776082051,41401,
41219552,17,17,15,2,6,6,1,1,1,1776082138,6002,
101738550,0,0,0,0,22,22,1,1,1,1776081881,14031,
54000622,8,8,7,1,20,20,1,1,1,1776082166,20044,
82339935,26,26,5,21,10,10,1,1,1,1776082044,16019,
27414713,12,12,8,4,17,17,1,1,1,1776082152,33012,
36151,17,17,4,13,0,0,1,1,1,1776081701,2013,
102307005,4,4,1,3,18,18,1,1,1,1776082193,17024,
20454506987,8,8,3,5,11,11,1,1,1,1776081954,43202,
98187918,59,59,48,11,1,1,1,1,1,1776082183,4016,
54000564,24,24,20,4,6,6,1,1,1,1776082160,10019,
27363337,22,22,16,6,9,9,1,1,1,1776082051,11033,
100967498,1,1,0,1,50,50,1,1,1,1776082060,41203,
6298,3,3,1,2,21,21,1,1,1,1776081663,10033,
20497547989,5,5,2,3,17,17,1,1,1,1776081938,43201,
43247025,6,6,1,5,13,13,1,1,1,1776081981,18039,
19858721250,11,11,0,11,32,32,1,1,1,1776082124,40006,
54000619,0,0,0,0,33,33,1,1,1,1776082010,20022,
101008598,3,3,1,2,37,37,1,1,1,1776082054,12036,
75525462,3,3,2,1,42,42,1,1,1,1776082089,14026,
95845524,3,3,2,1,14,14,1,1,1,1776081768,10008,
38407,34,34,14,20,5,5,1,1,1,1776082127,16012,
82554449,38,38,30,8,21,21,1,1,1,1776082180,16036,
39535340,1,1,1,0,29,29,1,1,1,1776082195,42505,
66491391,1,1,0,1,29,29,1,1,1,1776081722,10032,
54000570,8,8,6,2,26,26,1,1,1,1776081923,12015,
1062256852,2,2,2,0,18,18,1,1,1,1776082120,48004,
54000582,3,3,1,2,24,24,1,1,1,1776082093,14001,
1057373549,13,13,8,5,9,9,1,1,1,1776081869,26004,
653089942,2,2,1,1,26,26,1,1,1,1776082143,18139,
201923447,17,17,7,10,21,21,1,1,1,1776082158,16042,
220504949,19,19,18,1,11,11,1,1,1,1776082186,1006,
41464928,17,17,11,6,45,45,1,1,1,1776081942,15008,
27296946,20,20,16,4,10,10,1,1,1,1776082194,19110,
653143563,3,3,1,2,26,26,1,1,1,1776081978,22201,
15308712,8,8,3,5,15,15,1,1,1,1776082037,11112,
15462861,22,22,12,10,8,8,1,1,1,1776082118,16105,
1062797394,40,40,22,18,2,2,1,1,1,1776082187,8117,
265201872,45,45,44,1,4,4,1,1,1,1776082167,4006,
82332239,34,34,20,14,0,0,1,1,1,1776082095,5007,
9931940126,8,8,7,1,29,29,1,1,1,1776081596,18202,
443153677,17,17,14,3,18,18,1,1,1,1776082173,3008,
66505510,25,25,15,10,38,38,1,1,1,1776081942,5015,
1062245074,8,8,5,3,16,16,1,1,1,1776082182,45002,
1057758764,4,4,1,3,32,32,1,1,1,1776082168,15128,
653144717,14,14,13,1,11,11,1,1,1,1776082068,44014,
42275164,3,3,3,0,33,33,1,1,1,1776081932,12037,
75345531,16,16,14,2,0,0,1,1,1,1776081994,1007,
82574198,2,2,0,2,39,39,1,1,1,1776082185,21309,
66491379,4,4,1,3,8,8,1,1,1,1776082194,18004,
35600927,1,1,0,1,33,33,1,1,1,1776082170,16013,
100868590,21,21,20,1,4,4,1,1,1,1776082149,7012,
54000616,5,5,2,3,27,27,1,1,1,1776082010,20008,
66491381,2,2,1,1,30,30,1,1,1,1776081863,18034,
77773,12,12,11,1,16,16,1,1,1,1776082087,12019,
52518,1,1,0,1,20,20,1,1,1,1776082171,20104,
1062874070,5,5,2,3,33,33,1,1,1,1776082177,14135,
54000554,11,11,6,5,21,21,1,1,1,1776082090,8110,
27415389,0,0,0,0,29,29,1,1,1,1776082101,20024,
66491367,13,13,12,1,3,3,1,1,1,1776081995,3010,
1062802530,3,3,1,2,21,21,1,1,1,1776082008,12156,
653091206,8,8,3,5,31,31,1,1,1,1776082129,18140,
49341735,3,3,1,2,38,38,1,1,1,1776081739,19002,
15309674,10,10,9,1,11,11,1,1,1,1776082152,9009,
27414902,0,0,0,0,18,18,1,1,1,1776082159,10034,
49094984,27,27,1,26,27,27,1,1,1,1776081998,6104,
15463487,4,4,4,0,22,22,1,1,1,1776082146,16102,
210395439,19,19,14,5,7,7,1,1,1,1776081947,4021,
39169029,3,3,1,2,21,21,1,1,1,1776081944,20034,
66505516,11,11,7,4,47,47,1,1,1,1776081952,13005,
30730,2,2,1,1,33,33,1,1,1,1776081952,20001,
20636665336,0,0,0,0,0,0,0,0,0,1758199439,13208,
125623876,12,12,0,12,7,7,1,1,1,1776081837,17019,
2515672078,4,4,2,2,19,19,1,1,1,1776082149,19201,
35317080,3,3,2,1,19,19,1,1,1,1776082163,19010,
653146273,9,9,6,3,13,13,1,1,1,1776081661,22301,
1062882947,0,0,0,0,20,20,1,1,1,1776081664,15132,
653091677,10,10,7,3,12,12,1,1,1,1776082175,41405,
35472299,3,3,2,1,9,9,1,1,1,1776081980,20006,
338824395,7,7,4,3,6,6,1,1,1,1776082160,10011,
1062982815,5,5,1,4,15,15,1,1,1,1776081756,21953,
1237624420,15,15,13,2,15,15,1,1,1,1776082161,14137,
27415179,1,1,0,1,21,21,1,1,1,1776081743,14019,
100760396,24,24,16,8,5,5,1,1,1,1776082071,3011,
129152818,3,3,1,2,19,19,1,1,1,1776081931,31709,
27313492,20,20,11,9,5,5,1,1,1,1776082068,10006,
49498164,19,19,10,9,9,9,1,1,1,1776082193,8027,
210585225,3,3,1,2,16,16,1,1,1,1776081976,10027,
262607058,9,9,4,5,23,23,1,1,1,1776081847,22401,
39626277,12,12,10,2,3,3,1,1,1,1776081682,12002,
1074095810,1,1,0,1,21,21,1,1,1,1776081835,21506,
128880156,22,22,12,10,1,1,1,1,1,1776082168,4103,
27364642,3,3,0,3,24,24,1,1,1,1776081921,14103,
266963426,10,10,6,4,38,38,1,1,1,1776081951,3001,
129023855,5,5,1,4,18,18,1,1,1,1776082001,9037,
128890772,23,23,16,7,5,5,1,1,1,1776082159,7021,
66489651,33,33,22,11,0,0,1,1,1,1776082169,2015,
1805255023,25,25,21,4,5,5,1,1,1,1776081982,21026,
20636765333,0,0,0,0,0,0,0,0,0,1758201189,13209,
1057207064,21,21,3,18,0,0,1,1,1,1776082123,32013,
27415411,0,0,0,0,23,23,1,1,1,1776081944,20029,
210387163,25,25,22,3,4,4,1,1,1,1776082107,2003,
653150828,3,3,1,2,17,17,1,1,1,1776082136,22503,
443654970,34,34,32,2,3,3,1,1,1,1776082140,1102,
15153595,3,3,1,2,29,29,1,1,1,1776082183,13017,
471094898,5,5,0,5,20,20,1,1,1,1776082187,15111,
1057290902,8,8,2,6,36,36,1,1,1,1776082051,12020,
653187900,17,17,8,9,23,23,1,1,1,1776082182,24006,
128874528,16,16,7,9,2,2,1,1,1,1776082171,3009,
1062827573,2,2,0,2,27,27,1,1,1,1776081990,14132,
54000542,9,9,3,6,20,20,1,1,1,1776082086,4014,
27415512,27,27,23,4,7,7,1,1,1,1776082188,21110,
100759356,16,16,10,6,0,0,1,1,1,1776082152,2005,
1074142878,1,1,1,0,19,19,1,1,1,1776082084,23702,
213680246,6,6,2,4,28,28,1,1,1,1776081994,14022,
54000465,28,28,25,3,0,0,1,1,1,1776082196,2002,
1074060095,2,2,1,1,26,26,1,1,1,1776081914,19012,
80419347,26,26,16,10,1,1,1,1,1,1776081987,31001,
1063000561,11,11,6,5,9,9,1,1,1,1776082096,21507,
11874261013,13,13,11,2,7,7,1,1,1,1776082109,22306,
213680553,3,3,1,2,49,49,1,1,1,1776081919,14023,
1063012692,6,6,4,2,13,13,1,1,1,1776082154,22502,
54000538,24,24,19,5,8,8,1,1,1,1776082066,3006,
331153695,16,16,11,5,9,9,1,1,1,1776082011,3012,
20637435296,1,1,0,1,21,21,1,1,1,1776082056,20205,
96608796,22,22,17,5,5,5,1,1,1,1776082143,3003,
653094517,18,18,8,10,22,22,1,1,1,1776082191,19111,
129029327,12,12,5,7,6,6,1,1,1,1776081973,9111,
1063971944,23,23,3,20,6,6,1,1,1,1776082146,5122,
1064000778,24,24,16,8,50,50,1,1,1,1776082195,13125,
66499894,28,28,24,4,4,4,1,1,1,1776082093,3005,
82379648,36,36,8,28,10,10,1,1,1,1776082119,8036,
66491371,31,31,28,3,1,1,1,1,1,1776082045,6031,
1063429705,6,6,5,1,17,17,1,1,1,1776081824,48005,
1062833975,2,2,0,2,32,32,1,1,1,1776082170,14133,
58391194,17,17,8,9,10,10,1,1,1,1776082074,4012,
2515756572,2,2,1,1,31,31,1,1,1,1776082097,21215,
1063410400,20,20,7,13,1,1,1,1,1,1776082135,41208,
80298493,6,6,1,5,19,19,1,1,1,1776082158,42704,
98132679,10,10,8,2,38,38,1,1,1,1776082110,21706,
478250062,18,18,9,9,3,3,1,1,1,1776082162,1014,
48800374,13,13,9,4,0,0,1,1,1,1776082190,4017,
1063044618,22,22,19,3,8,8,1,1,1,1776081937,26006,
11908510683,15,15,11,4,10,10,1,1,1,1776082193,42211,
1063421211,0,0,0,0,39,39,1,1,1,1776081660,42026,
1074333296,12,12,0,12,28,28,1,1,1,1776081921,12163,
54000537,6,6,3,3,11,11,1,1,1,1776082097,3002,
11908496227,6,6,5,1,17,17,1,1,1,1776082036,21509,
49423507,78,78,39,39,0,0,1,1,1,1776082152,13054,
128834707,20,20,13,7,1,1,1,1,1,1776082155,1012,
653097126,9,9,3,6,32,32,1,1,1,1776082187,19130,
391845823,1,1,0,1,24,24,1,1,1,1776081893,35012,
653140345,0,0,0,0,23,23,1,1,1,1776082005,21505,
15290700,3,3,2,1,18,18,1,1,1,1776082102,2016,
78374110,17,17,7,10,0,0,1,1,1,1776082175,2004,
6352,17,17,11,6,13,13,1,1,1,1776082187,4018,
129083553,16,16,9,7,16,16,1,1,1,1776082170,16044,
1074204954,25,25,12,13,4,4,1,1,1,1776082108,44001,
380891087,24,24,19,5,11,11,1,1,1,1776082110,4007,
19495456684,14,14,11,3,16,16,1,1,1,1776082135,16202,
27206194,15,15,6,9,2,2,1,1,1,1776082154,5004,
128878135,20,20,14,6,8,8,1,1,1,1776082042,4009,
1063984816,1,1,0,1,16,16,1,1,1,1776082118,10041,
569583918,10,10,9,1,0,0,1,1,1,1776082068,2012,
1396728955,16,16,5,11,4,4,1,1,1,1776082197,4101,
2515885093,28,28,8,20,3,3,1,1,1,1776082140,33020,
653072212,29,29,12,17,0,0,1,1,1,1776082072,32019,
54001189,25,25,14,11,1,1,1,1,1,1776082088,9039,
653153519,4,4,1,3,15,15,1,1,1,1776082057,22506,
276989966,18,18,4,14,0,0,1,1,1,1776082141,1025,
1063053136,7,7,3,4,12,12,1,1,1,1776082119,27001,
210386007,18,18,9,9,2,2,1,1,1,1776081958,1018,
6293,27,27,19,8,1,1,1,1,1,1776082109,2008,
128843085,29,29,27,2,1,1,1,1,1,1776082157,1026,
1063027377,1,1,1,0,24,24,1,1,1,1776082002,23101,
15433394,2,2,0,2,37,37,1,1,1,1776081967,18015,
6245,27,27,20,7,0,0,1,1,1,1776082175,1116,
18013122841,11,11,9,2,13,13,1,1,1,1776082096,32024,
27414358,19,19,7,12,0,0,1,1,1,1776082192,1017,
101751231,4,4,2,2,32,32,1,1,1,1776082161,15040,
18013073681,2,2,0,2,20,20,1,1,1,1776081995,23107,
17174675707,20,20,8,12,2,2,1,1,1,1776082109,6201,
39169877,52,52,33,19,11,11,1,1,1,1776082195,6026,
653155159,3,3,1,2,17,17,1,1,1,1776082008,22601,
653099465,7,7,1,6,22,22,1,1,1,1776082190,42018,
323468705,31,31,14,17,0,0,1,1,1,1776082164,1023,
1810975577,4,4,3,1,26,26,1,1,1,1776081973,48008,
17364714962,2,2,0,2,43,43,1,1,1,1776081633,19202,
17364417797,0,0,0,0,29,29,1,1,1,1776081924,14201,
35380305,30,30,8,22,3,3,1,1,1,1776082178,5003,
54000596,4,4,2,2,28,28,1,1,1,1776082173,17021,
17486828694,25,25,24,1,4,4,1,1,1,1776082030,21323,
19941915381,5,5,2,3,34,34,1,1,1,1776082083,43403,
1074339090,9,9,4,5,16,16,1,1,1,1776082077,12164,
18013135935,5,5,1,4,38,38,1,1,1,1776082070,12203,
653040243,24,24,3,21,1,1,1,1,1,1776082053,3007,
1063061372,4,4,2,2,31,31,1,1,1,1776082091,31020,
2705356759,24,24,12,12,4,4,1,1,1,1776082155,28005,
214019379,4,4,0,4,19,19,1,1,1,1776081952,35005,
82574979,17,17,0,17,8,8,1,1,1,1776082157,18112,
2705290225,13,13,11,2,16,16,1,1,1,1776082115,16139,
1074410417,3,3,2,1,25,25,1,1,1,1776082132,42028,
1074352578,7,7,3,4,17,17,1,1,1,1776082122,12166,
653156540,1,1,1,0,30,30,1,1,1,1776082047,22603,
54000573,19,19,16,3,27,27,1,1,1,1776081919,12113,
1981490798,5,5,3,2,19,19,1,1,1,1776082084,21119,
129080400,11,11,0,11,12,12,1,1,1,1776082198,16010,
18013112116,58,58,29,29,7,7,1,1,1,1776082135,16201,
1074428106,11,11,10,1,17,17,1,1,1,1776081844,23042,
653102462,38,38,36,2,3,3,1,1,1,1776082137,42019,
16816575934,26,26,8,18,10,10,1,1,1,1776082138,32022,
1057210479,16,16,14,2,0,0,1,1,1,1776082120,32020,
2705338817,3,3,0,3,19,19,1,1,1,1776081900,27006,
210328645,33,33,22,11,2,2,1,1,1,1776082170,1015,
311153993,26,26,22,4,6,6,1,1,1,1776082029,1008,
99886640,24,24,13,11,0,0,1,1,1,1776082190,2006,
6297,1,1,0,1,17,17,1,1,1,1776081772,9019,
632086890,22,22,16,6,4,4,1,1,1,1776082091,44004,
208603342,18,18,16,2,1,1,1,1,1,1776082030,1024,
653092274,2,2,0,2,31,31,1,1,1,1776081798,19046,
66491366,34,34,18,16,2,2,1,1,1,1776082148,2102,
27414527,17,17,15,2,2,2,1,1,1,1776082093,2020,
1599896463,2,2,0,2,20,20,1,1,1,1776081829,10201,
100790494,20,20,2,18,4,4,1,1,1,1776082151,6007,
210408693,21,21,5,16,4,4,1,1,1,1776082139,6029,
12225158518,1,1,0,1,27,27,1,1,1,1776082093,23202,
49424560,6,6,0,6,28,28,1,1,1,1776082182,12016,
653165196,12,12,11,1,15,15,1,1,1,1776082146,23301,
11146696292,13,13,13,0,18,18,1,1,1,1776082104,42210,
11146714746,8,8,5,3,19,19,1,1,1,1776082107,34013,
1074390359,1,1,0,1,31,31,1,1,1,1776082170,44008,
653159330,9,9,5,4,19,19,1,1,1,1776082115,23104,
653110858,4,4,1,3,17,17,1,1,1,1776081903,21011,
653107480,9,9,4,5,13,13,1,1,1,1776082162,20140,
1988517250,5,5,3,2,20,20,1,1,1,1776082151,48012,
653166892,26,26,17,9,3,3,1,1,1,1776082152,23303,
653104215,1,1,0,1,33,33,1,1,1,1776081900,20010,
653106960,30,30,27,3,7,7,1,1,1,1776082036,42022,
82468690,1,1,1,0,55,55,1,1,1,1776082115,15018,
16899499876,11,11,10,1,5,5,1,1,1,1776081992,26012,
74864208,2,2,0,2,24,24,1,1,1,1776081942,20048,
2002864789,6,6,0,6,8,8,1,1,1,1776082134,10166,
1074398925,27,27,8,19,9,9,1,1,1,1776082177,45004,
567884788,20,20,16,4,2,2,1,1,1,1776082033,13049,
99950133,53,53,38,15,2,2,1,1,1,1776082175,6015,
17721073284,1,1,0,1,19,19,1,1,1,1776082020,32605,
16899518505,6,6,2,4,14,14,1,1,1,1776082094,17202,
17729456391,10,10,2,8,17,17,1,1,1,1776081648,8202,
1057203651,32,32,8,24,12,12,1,1,1,1776082137,32011,
39565873,8,8,0,8,19,19,1,1,1,1776082131,17020,
18013132487,9,9,6,3,31,31,1,1,1,1776081775,12202,
12225289563,1,1,0,1,27,27,1,1,1,1776082176,23206,
12196660096,7,7,5,2,23,23,1,1,1,1776081723,10202,
16898865154,26,26,26,0,3,3,1,1,1,1776082193,42030,
76352106,31,31,15,16,14,14,1,1,1,1776082169,8018,
2515701705,0,0,0,0,20,20,1,1,1,1776082195,20142,
27363206,5,5,1,4,29,29,1,1,1,1776082191,18010,
17869323774,0,0,0,0,25,25,1,1,1,1776082068,48001,
15550433574,10,10,3,7,28,28,1,1,1,1776081704,51008,
486750405,1,1,1,0,23,23,1,1,1,1776082086,18135,
11438171152,1,1,1,0,23,23,1,1,1,1776081887,24101,
10773448319,22,22,20,2,6,6,1,1,1,1776082077,34011,
16529895896,19,19,19,0,10,10,1,1,1,1776082105,21329,
102339791,8,8,4,4,18,18,1,1,1,1776082191,21704,
52474,1,1,0,1,34,34,1,1,1,1776081965,19121,
101015227,24,24,17,7,11,11,1,1,1,1776082178,13015,
11218473640,2,2,1,1,21,21,1,1,1,1776082114,25007,
125370566,2,2,2,0,18,18,1,1,1,1776081843,19114,
66491396,23,23,10,13,24,24,1,1,1,1776082122,12123,
102328355,8,8,7,1,12,12,1,1,1,1776081811,21002,
54000578,5,5,4,1,28,28,1,1,1,1776082147,13024,
39599631,2,2,0,2,21,21,1,1,1,1776082015,16021,
102724418,6,6,4,2,18,18,1,1,1,1776081987,23041,
653184632,5,5,2,3,26,26,1,1,1,1776081761,24005,
74805344,28,28,9,19,1,1,1,1,1,1776082150,8040,
653222953,5,5,1,4,23,23,1,1,1,1776082055,31104,
653110492,11,11,8,3,17,17,1,1,1,1776082162,42024,
84960402,11,11,9,2,27,27,1,1,1,1776082068,5027,
16529911795,13,13,9,4,13,13,1,1,1,1776082197,15203,
42950428,3,3,3,0,47,47,1,1,1,1776082154,13116,
653193536,0,0,0,0,20,20,1,1,1,1776082189,48006,
54000589,1,1,1,0,65,65,1,1,1,1776082051,15012,
74692052,4,4,1,3,29,29,1,1,1,1776082168,18016,
35080917,3,3,1,2,27,27,1,1,1,1776082112,19117,
7402,5,5,3,2,10,10,1,1,1,1776082183,11022,
101759167,10,10,7,3,36,36,1,1,1,1776082134,15053,
653114003,8,8,5,3,17,17,1,1,1,1776082111,21022,
89553051,6,6,1,5,15,15,1,1,1,1776081952,20003,
54000591,3,3,0,3,34,34,1,1,1,1776081819,15041,
37420,16,16,7,9,1,1,1,1,1,1776082128,10003,
75352635,12,12,2,10,11,11,1,1,1,1776082008,41103,
34836174,12,12,3,9,18,18,1,1,1,1776082114,41602,
6354,0,0,0,0,31,31,1,1,1,1776082056,13028,
102287315,29,29,29,0,13,13,1,1,1,1776081989,15069,
39776330,1,1,1,0,16,16,1,1,1,1776081847,20012,
27415194,3,3,0,3,50,50,1,1,1,1776082131,14027,
653114443,8,8,6,2,9,9,1,1,1,1776082180,42303,
653190196,0,0,0,0,37,37,1,1,1,1776081937,48002,
27363156,4,4,0,4,18,18,1,1,1,1776081684,41605,
16206842336,11,11,3,8,17,17,1,1,1,1776081938,30003,
66491409,0,0,0,0,20,20,1,1,1,1776082164,35013,
82583924,0,0,0,0,28,28,1,1,1,1776081780,20020,
124183944,8,8,5,3,46,46,1,1,1,1776081951,12008,
27363389,26,26,26,0,3,3,1,1,1,1776082116,12102,
66491373,6,6,5,1,13,13,1,1,1,1776081774,13120,
27363058,12,12,2,10,11,11,1,1,1,1776082166,15024,
37995,1,1,1,0,47,47,1,1,1,1776082158,12119,
82396562,2,2,0,2,17,17,1,1,1,1776081653,10009,
82429586,26,26,24,2,13,13,1,1,1,1776082111,13006,
19989456853,3,3,1,2,17,17,1,1,1,1776081741,23803,
35263507,6,6,2,4,17,17,1,1,1,1776082104,14004,
100921894,6,6,4,2,31,31,1,1,1,1776082179,11111,
102751453,8,8,5,3,19,19,1,1,1,1776082174,43007,
27399547,4,4,1,3,18,18,1,1,1,1776082029,15050,
54000610,62,62,60,2,5,5,1,1,1,1776082058,16025,
101022698,5,5,0,5,28,28,1,1,1,1776082137,13036,
102748267,8,8,7,1,17,17,1,1,1,1776082156,43004,
54000583,4,4,2,2,29,29,1,1,1,1776082129,14009,
74858883,0,0,0,0,32,32,1,1,1,1776081926,17117,
63279,5,5,3,2,10,10,1,1,1,1776082028,16017,
125918662,2,2,2,0,37,37,1,1,1,1776082036,18021,
15163771,15,15,14,1,12,12,1,1,1,1776081870,16116,
82571023,3,3,0,3,41,41,1,1,1,1776082194,20013,
82335295,28,28,22,6,2,2,1,1,1,1776082197,5033,
27363205,17,17,4,13,18,18,1,1,1,1776082159,15045,
653197206,7,7,6,1,16,16,1,1,1,1776081969,25004,
27415256,2,2,1,1,44,44,1,1,1,1776081972,12022,
6497,1,1,0,1,19,19,1,1,1,1776081991,15027,
653118283,10,10,5,5,14,14,1,1,1,1776082186,21023,
124167835,10,10,4,6,8,8,1,1,1,1776081681,31105,
66491384,1,1,0,1,34,34,1,1,1,1776081963,42205,
27415371,6,6,0,6,29,29,1,1,1,1776081792,20014,
16206691682,12,12,9,3,17,17,1,1,1,1776082103,22701,
49829553,2,2,0,2,27,27,1,1,1,1776081987,17110,
102752610,7,7,1,6,18,18,1,1,1,1776082166,31701,
37848502,5,5,1,4,19,19,1,1,1,1776081599,22404,
58086242,4,4,0,4,22,22,1,1,1,1776082195,20032,
213693511,2,2,0,2,22,22,1,1,1,1776081920,19003,
82440673,3,3,0,3,47,47,1,1,1,1776081884,14035,
16931052467,18,18,6,12,10,10,1,1,1,1776081658,30004,
101488317,3,3,0,3,31,31,1,1,1,1776082051,14005,
28233012,27,27,15,12,3,3,1,1,1,1776082174,8046,
54000624,2,2,0,2,17,17,1,1,1,1776081879,20110,
19867354582,3,3,0,3,26,26,1,1,1,1776081915,32306,
54000552,29,29,18,11,0,0,1,1,1,1776082188,8007,
16930981813,7,7,5,2,11,11,1,1,1,1776081845,21218,
66491382,2,2,0,2,33,33,1,1,1,1776082007,17006,
39882420,1,1,1,0,21,21,1,1,1,1776081721,18101,
54000547,35,35,23,12,2,2,1,1,1,1776082174,6028,
27415360,3,3,1,2,16,16,1,1,1,1776082183,20005,
82588494,0,0,0,0,29,29,1,1,1,1776082086,21207,
54000568,15,15,13,2,31,31,1,1,1,1776081881,11016,
82425449,1,1,0,1,48,48,1,1,1,1776082141,12122,
7234,28,28,19,9,1,1,1,1,1,1776081880,15120,
82551956,17,17,10,7,14,14,1,1,1,1776082176,16033,
85160045,6,6,4,2,20,20,1,1,1,1776082114,21205,
35816213,29,29,15,14,4,4,1,1,1,1776082082,16023,
653190279,6,6,4,2,15,15,1,1,1,1776082088,24007,
99840124,18,18,6,12,25,25,1,1,1,1776082139,6004,
39311270,4,4,1,3,29,29,1,1,1,1776081951,15114,
80077998,1,1,0,1,18,18,1,1,1,1776082035,19014,
13248144,3,3,2,1,30,30,1,1,1,1776082046,15014,
82408364,5,5,1,4,33,33,1,1,1,1776082168,11028,
66491372,68,68,35,33,5,5,1,1,1,1776082179,13055,
54000631,6,6,5,1,18,18,1,1,1,1776082164,22014,
653121023,24,24,18,6,0,0,1,1,1,1776081944,21027,
19867919889,11,11,0,11,11,11,1,1,1,1776082104,28002,
653194214,7,7,4,3,13,13,1,1,1,1776082060,25002,
11375742,2,2,0,2,23,23,1,1,1,1776082195,15113,
27363397,3,3,1,2,15,15,1,1,1,1776081879,16022,
39878420,1,1,1,0,17,17,1,1,1,1776082108,20011,
27415333,2,2,0,2,54,54,1,1,1,1776081748,19001,
76507850,1,1,1,0,31,31,1,1,1,1776081773,15044,
42588096,6,6,0,6,21,21,1,1,1,1776082061,13023,
101010226,19,19,13,6,45,45,1,1,1,1776082189,12040,
54000623,1,1,0,1,26,26,1,1,1,1776082082,20106,
82413301,2,2,0,2,36,36,1,1,1,1776081940,11029,
66491369,19,19,6,13,30,30,1,1,1,1776082063,6005,
99798962,32,32,27,5,2,2,1,1,1,1776081976,6020,
82588656,45,45,38,7,8,8,1,1,1,1776082094,21007,
35471668,6,6,4,2,24,24,1,1,1,1776082112,19007,
27415500,7,7,2,5,32,32,1,1,1,1776082176,21016,
11580442,17,17,16,1,0,0,1,1,1,1776082077,5105,
27414932,5,5,2,3,44,44,1,1,1,1776082077,11018,
125881065,5,5,0,5,28,28,1,1,1,1776082105,19123,
54000627,7,7,5,2,15,15,1,1,1,1776082106,21107,
54000629,4,4,1,3,32,32,1,1,1,1776081914,22007,
27415128,4,4,0,4,15,15,1,1,1,1776082119,13037,
84961467,34,34,21,13,20,20,1,1,1,1776081938,5031,
27414937,2,2,2,0,50,50,1,1,1,1776082143,12017,
27363504,0,0,0,0,28,28,1,1,1,1776081631,14025,
100227241,22,22,20,2,13,13,1,1,1,1776082066,6009,
2254322638,1,1,0,1,24,24,1,1,1,1776082067,42027,
15377776,13,13,5,8,4,4,1,1,1,1776082087,16104,
70736110,0,0,0,0,47,47,1,1,1,1776081644,20033,
16210188070,19,19,1,18,11,11,1,1,1,1776082078,30005,
129095489,4,4,1,3,24,24,1,1,1,1776082162,17050,
66507230,14,14,11,3,5,5,1,1,1,1776082117,13013,
66491388,15,15,5,10,17,17,1,1,1,1776082006,8044,
15189890802,1,1,1,0,23,23,1,1,1,1776081656,21510,
16043316164,4,4,3,1,24,24,1,1,1,1776081835,51007,
121160813,3,3,2,1,24,24,1,1,1,1776082187,17036,
15298647,15,15,13,2,21,21,1,1,1,1776082055,11040,
27415083,1,1,0,1,51,51,1,1,1,1776082184,13008,
311552027,26,26,23,3,17,17,1,1,1,1776082096,11038,
16043228469,26,26,11,15,1,1,1,1,1,1776082125,1201,
27415004,20,20,17,3,30,30,1,1,1,1776082083,12039,
14623073464,46,46,43,3,0,0,1,1,1,1776082092,21511,
20897904006,32,32,30,2,4,4,1,1,1,1776082165,41213,
11063317380,15,15,11,4,3,3,1,1,1,1776082152,21033,
129087587,1,1,0,1,38,38,1,1,1,1776081986,17004,
54000628,36,36,35,1,19,19,1,1,1,1776082059,21112,
54000551,32,32,4,28,14,14,1,1,1,1776082197,8003,
15187848239,12,12,11,1,16,16,1,1,1,1776081919,22703,
16043242148,22,22,5,17,6,6,1,1,1,1776082134,24010,
13568870765,14,14,13,1,6,6,1,1,1,1776082087,25009,
214097180,16,16,14,2,7,7,1,1,1,1776081942,41101,
17225742003,11,11,9,2,9,9,1,1,1,1776082090,26010,
2515618216,26,26,19,7,4,4,1,1,1,1776082004,16140,
16965900639,13,13,11,2,11,11,1,1,1,1776082154,3201,
85123644,1,1,0,1,25,25,1,1,1,1776082000,20035,
17018170219,0,0,0,0,20,20,1,1,1,1776081999,23106,
11908488283,11,11,5,6,15,15,1,1,1,1776081941,21508,
253357936,20,20,16,4,36,36,1,1,1,1776082149,15032,
42517412,1,1,0,1,23,23,1,1,1,1776082143,20037,
213699079,23,23,18,5,44,44,1,1,1,1776082194,19045,
15066765479,21,21,8,13,19,19,1,1,1,1776082108,22302,
213676294,19,19,14,5,15,15,1,1,1,1776082174,13053,
95073815,17,17,6,11,19,19,1,1,1,1776082087,9029,
17451132826,9,9,7,2,10,10,1,1,1,1776081625,48011,
10647548670,5,5,0,5,17,17,1,1,1,1776081722,41212,
10647608657,15,15,6,9,13,13,1,1,1,1776082128,34009,
16043282800,1,1,1,0,29,29,1,1,1,1776081930,41304,
54000555,38,38,17,21,10,10,1,1,1,1776082119,8031,
54000621,10,10,1,9,29,29,1,1,1,1776082194,20030,
100863462,59,59,50,9,4,4,1,1,1,1776082150,7007,
76121343,0,0,0,0,26,26,1,1,1,1776081609,15039,
17047102542,8,8,7,1,11,11,1,1,1,1776081831,26011,
17450286381,2,2,0,2,17,17,1,1,1,1776082158,22208,
16134135570,15,15,9,6,10,10,1,1,1,1776082142,45005,
11266280626,5,5,5,0,23,23,1,1,1,1776082141,35021,
27033125,2,2,1,1,13,13,1,1,1,1776082198,18045,
213680917,1,1,0,1,24,24,1,1,1,1776082102,14110,
49039283,2,2,0,2,17,17,1,1,1,1776082131,18018,
35642049,3,3,1,2,12,12,1,1,1,1776082076,10025,
17261310217,4,4,0,4,25,25,1,1,1,1776082171,32305,
11851012506,17,17,14,3,15,15,1,1,1,1776082162,22305,
2515774908,9,9,2,7,14,14,1,1,1,1776082192,21954,
13341879803,4,4,2,2,23,23,1,1,1,1776082160,22507,
15826185972,5,5,3,2,10,10,1,1,1,1776082118,11201,
12943772652,12,12,11,1,17,17,1,1,1,1776082069,22602,
16134083337,6,6,4,2,22,22,1,1,1,1776081945,25010,
82423726,27,27,22,5,40,40,1,1,1,1776082131,12106,
12959947458,7,7,6,1,15,15,1,1,1,1776082176,23205,
12948189248,26,26,19,7,0,0,1,1,1,1776081918,32023,
12806084887,13,13,8,5,31,31,1,1,1,1776082072,23201,
1074347188,12,12,5,7,23,23,1,1,1,1776081987,12165,
84986959,41,41,38,3,19,19,1,1,1,1776082062,12001,
18815024485,25,25,11,14,10,10,1,1,1,1776082065,22018,
16379269732,39,39,27,12,1,1,1,1,1,1776082190,21320,
39149651,45,45,39,6,6,6,1,1,1,1776082118,11001,
17451195211,13,13,10,3,16,16,1,1,1,1776082075,21327,
54000466,27,27,10,17,2,2,1,1,1,1776081649,2010,
653065577,2,2,0,2,28,28,1,1,1,1776082106,10163,
11851103861,0,0,0,0,25,25,1,1,1,1776081684,23203,
210581084,18,18,3,15,25,25,1,1,1,1776081901,9035,
11438049493,15,15,8,7,16,16,1,1,1,1776081920,17126,
11437651826,2,2,0,2,28,28,1,1,1,1776081901,34005,
11438116799,18,18,15,3,22,22,1,1,1,1776082044,17127,
11437761399,2,2,2,0,30,30,1,1,1,1776082180,26008,
11437961617,10,10,8,2,18,18,1,1,1,1776082123,26009,
11004720021,17,17,13,4,13,13,1,1,1,1776082190,34008,
11437706131,23,23,20,3,3,3,1,1,1,1776082110,34012,
13373758036,0,0,0,0,27,27,1,1,1,1776081753,23204,
13373801574,17,17,8,9,13,13,1,1,1,1776081982,31301,
13373712848,1,1,1,0,23,23,1,1,1,1776081790,21514,
13373848216,12,12,7,5,16,16,1,1,1,1776081802,31303,
101756482,10,10,8,2,50,50,1,1,1,1776082108,15052,
6295,20,20,13,7,3,3,1,1,1,1776082196,5107,
82402482,8,8,3,5,50,50,1,1,1,1776082168,10026,
129088667,4,4,0,4,47,47,1,1,1,1776082149,17010,
54000604,1,1,0,1,32,32,1,1,1,1776082156,18023,
43247738,1,1,0,1,49,49,1,1,1,1776082084,18026,
102311820,0,0,0,0,34,34,1,1,1,1776081632,18024,
213686196,12,12,1,11,7,7,1,1,1,1776081844,16006,
368766689,36,36,31,5,6,6,1,1,1,1776082196,42004,
117480156,39,39,25,14,5,5,1,1,1,1776082159,21021,
285001735,53,53,27,26,1,1,1,1,1,1776082103,2108,
96512532,14,14,9,5,18,18,1,1,1,1776082091,8008,
19183755581,5,5,2,3,19,19,1,1,1,1776082185,13205,
18523643190,17,17,4,13,8,8,1,1,1,1776082166,31202,
1036199130,8,8,3,5,13,13,1,1,1,1776082175,47002,
27415466,1,1,0,1,21,21,1,1,1,1776081880,20112,
18908512040,15,15,11,4,3,3,1,1,1,1776082125,7201,
19697937136,14,14,6,8,4,4,1,1,1,1776082122,22019,
18523627466,32,32,15,17,4,4,1,1,1,1776082173,31201,
82457375,4,4,4,0,27,27,1,1,1,1776081981,15013,
19183922057,4,4,2,2,36,36,1,1,1,1776082169,13204,
452341449,2,2,1,1,17,17,1,1,1,1776081961,13035,
82499609,29,29,27,2,6,6,1,1,1,1776082191,15062,
129042700,1,1,0,1,57,57,1,1,1,1776081869,10114,
507934805,2,2,0,2,21,21,1,1,1,1776082039,18134,
18890164656,5,5,1,4,18,18,1,1,1,1776081703,13203,
907054879,13,13,8,5,7,7,1,1,1,1776081890,47007,
18023659071,27,27,12,15,0,0,1,1,1,1776081897,13202,
549480297,33,33,12,21,3,3,1,1,1,1776082174,13051,
19902592897,5,5,4,1,16,16,1,1,1,1776081834,47008,
653139063,5,5,5,0,13,13,1,1,1,1776082136,21501,
66505511,49,49,20,29,3,3,1,1,1,1776082037,8038,
18206879942,3,3,0,3,17,17,1,1,1,1776082172,19204,
18099679477,14,14,1,13,2,2,1,1,1,1776082132,5201,
20636986665,0,0,0,0,38,38,1,0,0,1758204784,18209,
19183833298,3,3,1,2,34,34,1,1,1,1776082104,18206,
256403519,2,2,0,2,18,18,1,1,1,1776081977,18042,
581480367,21,21,15,6,44,44,1,1,1,1776082088,12157,
27415736,4,4,1,3,26,26,1,1,1,1776082154,35002,
121086415,15,15,12,3,2,2,1,1,1,1776082164,8039,
1062742831,32,32,31,1,6,6,1,1,1,1776082155,7109,
653087180,3,3,0,3,27,27,1,1,1,1776081767,18044,
74635382,25,25,21,4,21,21,1,1,1,1776082143,11014,
210573120,18,18,1,17,14,14,1,1,1,1776081934,8057,
39202840,3,3,0,3,15,15,1,1,1,1776081871,18041,
653131074,3,3,0,3,21,21,1,1,1,1776081943,21213,
54000567,4,4,0,4,27,27,1,1,1,1776082102,11012,
478952881,20,20,12,8,18,18,1,1,1,1776082196,11009,
129050965,8,8,5,3,8,8,1,1,1,1776082195,11046,
442739463,15,15,13,2,1,1,1,1,1,1776082168,3004,
213999554,5,5,2,3,15,15,1,1,1,1776081919,35001,
30641281,6,6,6,0,15,15,1,1,1,1776082131,15060,
312165511,24,24,21,3,14,14,1,1,1,1776082139,11037,
100893610,53,53,31,22,6,6,1,1,1,1776082158,7023,
42907187,17,17,12,5,8,8,1,1,1,1776082183,11011,
213684314,8,8,6,2,17,17,1,1,1,1776082087,15105,
19091372977,3,3,2,1,29,29,1,1,1,1776082055,18205,
43165673,8,8,2,6,40,40,1,1,1,1776081948,11020,
476053320,4,4,1,3,22,22,1,1,1,1776082148,7111,
66491390,38,38,24,14,15,15,1,1,1,1776081970,9025,
213687475,10,10,1,9,12,12,1,1,1,1776082054,16103,
128915891,31,31,19,12,2,2,1,1,1,1776082142,7025,
20636530104,0,0,0,0,51,51,1,0,0,1758197095,10203,
653042678,24,24,20,4,1,1,1,1,1,1776081840,4108,
19184128113,2,2,1,1,24,24,1,1,1,1776081743,40007,
19186120360,5,5,0,5,15,15,1,1,1,1776081739,40010,
19186208004,5,5,0,5,11,11,1,1,1,1776082188,40012,
19186237098,14,14,7,7,22,22,1,1,1,1776082176,40013,
54000572,13,13,9,4,8,8,1,1,1,1776081887,12107,
478732841,3,3,1,2,11,11,1,1,1,1776082153,4104,
19184196181,7,7,6,1,21,21,1,1,1,1776081685,40014,
54000634,5,5,2,3,21,21,1,1,1,1776082150,23011,
384370499,1,1,0,1,24,24,1,1,1,1776082137,15122,
70903158,14,14,3,11,10,10,1,1,1,1776082144,16005,
54000571,3,3,2,1,48,48,1,1,1,1776082179,12201,
1074187051,13,13,11,2,14,14,1,1,1,1776082092,26005,
20635651817,0,0,0,0,38,38,1,0,0,1753349163,2202,
19179850066,14,14,1,13,3,3,1,1,1,1776081893,40003,
19016711237,14,14,14,0,4,4,1,1,1,1776081969,23801,
19130603957,23,23,3,20,1,1,1,1,1,1776082172,40004,
213987795,0,0,0,0,40,40,1,0,0,1776081890,32004,
653175838,2,2,0,2,16,16,1,1,1,1776082065,23703,
19309244936,26,26,21,5,15,15,1,1,1,1776081961,40008,
652120758,7,7,6,1,52,52,1,1,1,1776082187,14021,
19130022694,15,15,10,5,8,8,1,1,1,1776082022,40015,
27415150,3,3,1,2,20,20,1,1,1,1776081877,13106,
18656691283,26,26,16,10,8,8,1,1,1,1776082172,51005,
20682017769,0,0,0,0,35,35,1,0,0,1761197106,30006,
125542925,2,2,0,2,35,35,1,1,1,1776082172,10031,
2515686699,0,0,0,0,25,25,1,1,1,1776081915,20137,
210749865,3,3,3,0,15,15,1,1,1,1776082183,13001,
7295,13,13,1,12,2,2,1,1,1,1776081876,6010,
38060,4,4,3,1,38,38,1,1,1,1776082142,15001,
284787594,4,4,0,4,35,35,1,1,1,1776082187,13010,
339797666,4,4,3,1,22,22,1,1,1,1776082153,35014,
213945171,2,2,0,2,20,20,1,1,1,1776082021,31708,
653205656,17,17,11,6,11,11,1,1,1,1776082054,27004,
20689987843,1,1,1,0,22,22,1,1,1,1776082090,31029,
213683992,21,21,18,3,30,30,1,1,1,1776082080,15103,
123095125,10,10,3,7,50,50,1,1,1,1776082190,10013,
27415224,33,33,21,12,0,0,1,1,1,1776082063,15026,
6296,33,33,27,6,0,0,1,1,1,1776082133,6001,
27414460,31,31,26,5,5,5,1,1,1,1776082096,1022,
244498842,23,23,10,13,26,26,1,1,1,1776082118,41301,
18795043822,4,4,0,4,23,23,1,1,1,1776082167,19203,
19335882998,20,20,11,9,12,12,1,1,1,1776082110,34014,
18749423187,2,2,0,2,17,17,1,1,1,1776082143,21404,
2515636592,9,9,1,8,8,8,1,1,1,1776081772,17123,
82328045,21,21,15,6,0,0,1,1,1,1776082158,1002,
207633746,28,28,6,22,33,33,1,1,1,1776082122,17038,
20703011127,12,12,5,7,8,8,1,1,1,1776082129,43102,
1062807847,38,38,29,9,4,4,1,1,1,1776082163,13123,
20431211740,0,0,0,0,1,1,0,0,0,1630119451,32308,
20699530917,3,3,1,2,13,13,1,1,1,1776082092,23805,
128882438,34,34,30,4,5,5,1,1,1,1776082098,5020,
20703108288,0,0,0,0,0,0,1,0,0,1759851097,45503,
20702583198,28,28,20,8,6,6,1,1,1,1776082071,30001,
20702946965,5,5,3,2,19,19,1,1,1,1776081864,34501,
20702781391,7,7,4,3,27,27,1,1,1,1776082058,34015,
213952930,15,15,11,4,15,15,1,1,1,1776082165,32001,
20703075041,10,10,6,4,7,7,1,1,1,1776081724,43103,
653046369,34,34,29,5,32,32,1,1,1,1776082151,32012,
20636596293,0,0,0,0,30,30,1,0,0,1727035928,10208,
20702936749,23,23,17,6,7,7,1,1,1,1776082084,43101,
20690183551,0,0,0,0,23,23,1,0,0,1765359086,35022,
100798076,31,31,19,12,4,4,1,1,1,1776082182,6016,
20702544649,9,9,6,3,9,9,1,1,1,1776081982,23904,
20699589412,1,1,1,0,15,15,1,1,1,1776082007,23806,
49791363,24,24,4,20,4,4,1,1,1,1776082182,8052,
20706822746,16,16,14,2,9,9,1,1,1,1776082169,40018,
2515855808,45,45,15,30,3,3,1,1,1,1776082197,33019,
101761298,44,44,32,12,10,10,1,1,1,1776082108,15058,
129096696,1,1,1,0,12,12,1,1,1,1776081884,18014,
19331872653,11,11,4,7,8,8,1,1,1,1776082043,40002,
20278271464,26,26,21,5,20,20,1,1,1,1776082184,44018,
476155906,27,27,22,5,1,1,1,1,1,1776082179,4010,
437741660,39,39,18,21,4,4,1,1,1,1776082125,1003,
20033972555,30,30,19,11,2,2,1,1,1,1776082106,22304,
452347778,8,8,7,1,13,13,1,1,1,1776081781,12010,
20235746379,21,21,17,4,2,2,1,1,1,1776082137,15204,
102335085,10,10,8,2,16,16,1,1,1,1776081908,21302,
523900881,11,11,5,6,50,50,1,1,1,1776082090,19018,
653073004,72,72,43,29,1,1,1,1,1,1776082132,12127,
129026597,21,21,6,15,1,1,1,1,1,1776082137,9104,
126354477,5,5,0,5,12,12,1,1,1,1776082017,18043,
20084863816,31,31,13,18,3,3,1,1,1,1776082162,5202,
394404659,17,17,8,9,24,24,1,1,1,1776082169,8002,
34742973,38,38,35,3,0,0,1,1,1,1776082159,15056,
19697809404,33,33,12,21,2,2,1,1,1,1776082162,8203,
315022587,74,74,36,38,0,0,1,1,1,1776082109,8004,
101013666,33,33,23,10,1,1,1,1,1,1776082145,12105,
